<?xml version="1.0" encoding="UTF-8"?>
<vulnerabilitys><vulnerability><number>CNVD-2015-06270</number><title>北京紫新报通科技数字报刊系统跨站请求伪造漏洞</title><serverity>中</serverity><products><product>北京紫新报通科技股份有限公司 数字报刊系统 UEP 6.5</product></products><isEvent>通用软硬件漏洞</isEvent><submitTime>2015-08-10</submitTime><openTime>2015-09-28</openTime><discovererName>长沙天融信网络安全技术有限公司</discovererName><formalWay>1 验证请求类型。&#xD;
2 验证referer信息。</formalWay><description>北京紫新数字报刊系统是一套完善、高效、稳定、可靠、可灵活扩展的合版数字化工作流程管理系统。&#xD;
&#xD;
北京紫新数字报刊系统-UEP V6.5存在跨站请求伪造漏。攻击者可以利用漏洞通过添加管理员账户后，可对系统进行任意的操作修改，可达到获取网站控制服务器的权限。</description><patchName>北京紫新报通科技数字报刊系统-UEP V6.5存在CSRF跨站点请求伪造漏洞</patchName><patchDescription>CNVD确认所述情况，已由CNVD通过软件生产厂商公开联系渠道向其邮件通报，由其后续提供解决方案并协调相关用户单位处置。</patchDescription></vulnerability><vulnerability><number>CNVD-2015-05559</number><title>fineCMS本地文件包含漏洞</title><serverity>低</serverity><products><product>finecms finecms &lt; 1.9.5</product></products><isEvent>通用软硬件漏洞</isEvent><submitTime>2015-08-14</submitTime><openTime>2015-09-29</openTime><discovererName>北京国舜科技股份有限公司</discovererName><formalWay>加固建议&#xD;
 对tpl参数，过滤../字符。</formalWay><description>FineCMS是一款基于PHP+MySql+CI框架开发的中小型内容管理系统。&#xD;
&#xD;
finecms 1.9.5及以前的版本存在文件包含漏洞，成功利用该漏洞的攻击者可以执行任意php代码。</description><patchName>finecms v1.9.5存在本地文件包含漏洞</patchName><patchDescription>已由CNVD通过软件生产厂商公开联系渠道向其邮件通报，由其后续提供解决方案并协调相关用户单位处置。</patchDescription></vulnerability><vulnerability><number>CNVD-2015-05561</number><title>小米生活安卓最新版App存在本地拒绝服务漏洞</title><serverity>低</serverity><products><product>北京小米科技有限责任公司 小米生活安卓最新版 3.1.550</product></products><isEvent>通用软硬件漏洞</isEvent><submitTime>2015-08-14</submitTime><openTime>2015-09-29</openTime><discovererName>安然意境</discovererName><formalWay>修复建议：注册的组件请严格校验输入参数，注意空值判定和类型转换判断，防止由于异常输入导致的应用崩溃。</formalWay><description>小米生活安卓最新版App（V3.1.550）存在本地拒绝服务漏洞 &#xD;
&#xD;
由于外部恶意程序调用com.xiaomi.o2o.activity.InternalSingleWebActivity组件，允许攻击者利用漏洞使小米生活安卓端全局崩溃。</description><patchName>小米生活安卓最新版App存在本地拒绝服务漏洞</patchName><patchDescription>CNVD确认所述情况，已由CNVD通过网站管理方公开联系渠道向其邮件通报，由其后续提供解决方案并协调相关用户单位处置。</patchDescription></vulnerability><vulnerability><number>CNVD-2015-05831</number><title>四川上略互动网络技术有限公司CMS存在SQL注入漏洞</title><serverity>高</serverity><products><product>四川上略互动网络技术有限公司 CMS </product></products><isEvent>通用软硬件漏洞</isEvent><submitTime>2015-08-19</submitTime><openTime>2015-10-03</openTime><discovererName>何鹏程</discovererName><formalWay>严格过滤参数</formalWay><description>四川上略互动网络技术有限公司CMS存在SQL注入漏洞。允许攻击者利用漏洞获取数据库敏感信息。</description><patchName>四川上略互动网络技术有限公司CMS存在SQL注入漏洞</patchName><patchDescription>已由CNVD通过软件生产厂商（或网站管理方）公开联系渠道向其邮件（和电话）通报，由其后续提供修复方案。同时，将相关案例下发给对应的CNCERT分中心，由其后续协调网站管理单位处置．</patchDescription></vulnerability><vulnerability><number>CNVD-2015-05830</number><title>七色网络建站系统存在通用型SQL注入漏洞</title><serverity>高</serverity><products><product>七色网络 建站系统 </product></products><isEvent>通用软硬件漏洞</isEvent><submitTime>2015-08-19</submitTime><openTime>2015-10-03</openTime><discovererName>何鹏程</discovererName><formalWay>严格过滤参数</formalWay><description>七色网络建站系统存在通用型SQL注入漏洞。允许攻击者利用漏洞获取数据库敏感信息。</description><patchName>七色网络建站系统存在通用型SQL注入漏洞</patchName><patchDescription>已由CNVD通过软件生产厂商（或网站管理方）公开联系渠道向其邮件（和电话）通报，由其后续提供修复方案。同时，将相关案例下发给对应的CNCERT分中心和赛尔教育，由其后续协调网站管理单位处置．</patchDescription></vulnerability><vulnerability><number>CNVD-2015-05829</number><title>深圳市翼发永续翼发云OA系统存在多处存储型跨站脚本漏洞</title><serverity>中</serverity><products><product>深圳市翼发永续信息科技有限公司 翼发云OA系统 </product></products><isEvent>通用软硬件漏洞</isEvent><submitTime>2015-08-19</submitTime><openTime>2015-10-03</openTime><discovererName>何鹏程</discovererName><formalWay>严格过滤参数</formalWay><description>翼发云OA办公软件融合了最先进的管理思想，对工作流、信息流和知识管理进行规范管理和增值利用，为用户提供一个先进、高效的信息工作平台。系统完全 B/S架构设计，实现内部业务系统的统一协调。&#xD;
&#xD;
深圳市翼发永续翼发云OA系统存在多处存储型跨站脚本漏洞。攻击者可以利用漏洞在代办事务处任意点击一事务编辑并插入XSS代码，退出用户以管理员（admin）的身份登录，登进来就发现有一代办事务更新，点击进去观看详情触发XSS不仅如此，用户之间通过发送消息也可以触发XSS。</description><patchName>深圳市翼发永续翼发云OA系统存在多处存储型跨站脚本漏洞</patchName><patchDescription>CNVD确认所述情况，已由CNVD通过网站公开联系渠道向其邮件通报，由其后续提供解决方案。</patchDescription></vulnerability><vulnerability><number>CNVD-2015-05828</number><title>惠州商网CMS系统SQL注入漏洞</title><serverity>高</serverity><products><product>惠州市商网网络有限公司 CMS系统 </product></products><isEvent>通用软硬件漏洞</isEvent><submitTime>2015-08-20</submitTime><openTime>2015-10-04</openTime><discovererName>pang0lin</discovererName><formalWay>过滤</formalWay><description>惠州商网CMS系统存在SQL注入漏洞。允许攻击者利用漏洞获取数据库敏感信息。</description></vulnerability><vulnerability><number>CNVD-2015-05824</number><title>安徽商网CMS系统SQL注入漏洞</title><serverity>高</serverity><products><product>安徽商网信息产业有限公司 CMS系统 </product></products><isEvent>通用软硬件漏洞</isEvent><submitTime>2015-08-20</submitTime><openTime>2015-10-04</openTime><discovererName>pang0lin</discovererName><formalWay>过滤</formalWay><description>安徽商网CMS系统存在SQL注入漏洞。允许攻击者可以利用漏洞获取数据库敏感信息。</description><patchName>安徽商网某系统SQL注入漏洞</patchName><patchDescription>CNVD确认所述情况，已经转由CNCERT下发给安徽分中心，由其后续协调网站管理单位处置。</patchDescription></vulnerability><vulnerability><number>CNVD-2015-05827</number><title>北京金和C6协同管理平台存在多处SQL注入漏洞</title><serverity>高</serverity><products><product>北京金和软件股份有限公司 金和协同管理平台 </product></products><isEvent>通用软硬件漏洞</isEvent><submitTime>2015-08-20</submitTime><openTime>2015-10-04</openTime><discovererName>孙建平</discovererName><formalWay>对传入的参与拼接sql语句的web参数做严格的sql过滤</formalWay><description>金和OA采用asp.net和sqlserver技术开发，使用用户众多。&#xD;
&#xD;
OA系统中存在多处SQL注入漏洞。但这些注入需要登录系统才可以使用，OA系统中进行了sql过滤，但过滤不够严格，导致可以绕过限制继续注入。</description><patchName>北京金和C6协同管理平台存在SQL注入漏洞 </patchName><patchDescription>已由CNVD通过软件生产厂商（或网站管理方）公开联系渠道向其邮件通报，由其后续提供解决方案并协调相关用户单位处置。</patchDescription></vulnerability><vulnerability><number>CNVD-2015-05825</number><title>JeeCMS政府政务服务中心会员预约SQL注入漏洞</title><serverity>高</serverity><products><product>江西金磊科技发展有限公司 政府政务服务中心会员预约 </product></products><isEvent>通用软硬件漏洞</isEvent><submitTime>2015-08-20</submitTime><openTime>2015-10-04</openTime><discovererName>周俊</discovererName><formalWay>对用户的输入做严格过滤。</formalWay><description>JEECMS是国内Java版开源网站内容管理系统（java cms、jsp cms）的简称。&#xD;
&#xD;
JeeCMS政府政务服务中心，会员预约功能存在SQL注入漏洞。允许攻击者利用漏洞获取数据库敏感信息。</description><patchName>JeeCMS政府政务服务中心会员预约SQL注入漏洞 </patchName><patchDescription>CNVD确认并复现所述漏洞情况，已经转由CNCERT下发贵州分中心，由其后续协调网站管理单位处置。 &#xD;
</patchDescription></vulnerability><vulnerability><number>CNVD-2015-05826</number><title>北京金和C6协同管理平台任意文件下载漏洞</title><serverity>中</serverity><products><product>北京金和软件股份有限公司 金和协同管理平台 </product></products><isEvent>通用软硬件漏洞</isEvent><submitTime>2015-08-20</submitTime><openTime>2015-10-04</openTime><discovererName>孙建平</discovererName><formalWay>过滤下载模块中FilePath中的../</formalWay><description>金和OA采用asp.net和sqlserver技术开发，使用用户众多。&#xD;
&#xD;
OA系统/JHSoft.Web.CustomQuery/FileDownLoad.aspx页面由于未对FilePath参数做../过滤，可以下载任意目录下的任意文件，导致任意文件下载漏洞。</description><patchName>北京金和C6协同管理平台存在任意文件下载漏洞</patchName><patchDescription>CNVD确认所述情况，已由CNVD通过软件生产厂商（或网站管理方）公开联系渠道向其邮件（和电话）通报，由其后续提供解决方案并协调相关用户单位处置。</patchDescription></vulnerability><vulnerability><number>CNVD-2015-05821</number><title>泛微e-office协同管理平台权限绕过漏洞</title><serverity>中</serverity><products><product>上海泛微网络科技股份有限公司 e-office </product></products><isEvent>事件型漏洞</isEvent><submitTime>2015-08-20</submitTime><openTime>2015-10-04</openTime><discovererName>孙建平</discovererName><formalWay>严格控制SESSION赋值</formalWay><description>泛微e-office协同管理平台存在登录绕过漏洞，攻击者在没有登录凭证的情况下可以直接以超级管理员的权限登录OA系统。</description></vulnerability><vulnerability><number>CNVD-2015-05820</number><title>泛微e-office协同管理平台文件下载漏洞</title><serverity>中</serverity><products><product>上海泛微网络科技股份有限公司 e-office </product></products><isEvent>通用软硬件漏洞</isEvent><submitTime>2015-08-20</submitTime><openTime>2015-10-04</openTime><discovererName>孙建平</discovererName><formalWay>对/inc/attach.php页面进行目录穿越过滤。</formalWay><description>泛微e-office的/inc/attach.php页面对url传入的文件下载名称ATTACHMENT_NAME没有过滤../，可以使用../来穿越目录，从而可以下载任意目录下的任意文件，导致了形成任意文件下载问题。</description><patchName>泛微e-office协同管理平台文件下载漏洞</patchName><patchDescription>CNVD确认所述情况，已由CNVD通过软件生产厂商（或网站管理方）公开联系渠道向其邮件（和电话）通报，由其后续提供解决方案并协调相关用户单位处置。</patchDescription></vulnerability><vulnerability><number>CNVD-2015-05819</number><title>巴中万山软件有限公司政府建站系统SQL注入漏洞</title><serverity>高</serverity><products><product>巴中万山软件有限公司 建站系统 </product></products><isEvent>通用软硬件漏洞</isEvent><submitTime>2015-08-20</submitTime><openTime>2015-10-04</openTime><discovererName>pang0lin</discovererName><formalWay>过滤</formalWay><description>巴中万山软件有限公司是一家专门为巴中市政府部门服务的软件公司。&#xD;
&#xD;
巴中万山软件政府建站系统存在SQL注入漏洞，允许攻击者利用此漏洞获取数据库敏感信息。</description><patchName>巴中万山软件有限公司政府建站系统SQL注入漏洞 </patchName><patchDescription>已经转由CNCERT下发给四川分中心，由其后续协调网站管理单位处置。</patchDescription></vulnerability><vulnerability><number>CNVD-2015-05842</number><title>大型车辆GPS定位系统存在认证绕过漏洞</title><serverity>中</serverity><isEvent>通用软硬件漏洞</isEvent><submitTime>2015-08-26</submitTime><openTime>2015-10-01</openTime><discovererName>cailinlin</discovererName><formalWay>减少对车辆控制的功能，降低风险&#xD;
更换后台系统，避免弱口令漏洞再次发生&#xD;
相关人员不当</formalWay><description>大多数网站为asp页面，漏洞较多并且可弱口令登录，导致大量车辆信息泄露，同时可以对车辆进行管理和控制，会造成较大的交通危害</description><patchName>大型车辆GPS定位系统后台登录权限绕过漏洞</patchName><patchDescription>注：找不到厂商。</patchDescription></vulnerability><vulnerability><number>CNVD-2015-06243</number><title>Wind River VxWorks整数溢出漏洞</title><serverity>中</serverity><products><product>Wind River Systems Inc. VxWorks 5.5-6.9.4.1</product></products><isEvent>通用软硬件漏洞</isEvent><submitTime>2015-09-23</submitTime><openTime>2015-09-28</openTime><discovererName>Yannick Formaggio</discovererName><referenceLink>http://www.nsfocus.net/vulndb/30916</referenceLink><formalWay>目前厂商还没有提供补丁或者升级程序，我们建议使用此软件的用户随时关注厂商的主页以获取最新版本：&#xD;
http://www.windriver.com/</formalWay><description>VxWorks是广泛应用在ICS相关设备上的实时操作系统。&#xD;
&#xD;
Wind River VxWorks 5.5-6.9.4.1版本在实现上存在整数溢出漏洞。成功利用后可使攻击者在操作系统中远程执行任意代码，破坏或绕过所有的内存保护，设置后门帐户。</description></vulnerability><vulnerability><number>CNVD-2015-06244</number><title>Cyberoam CR500iNG-XP SQL注入漏洞</title><serverity>高</serverity><products><product>Cyberoam CR500iNG-XP &lt; 10.6.2 MR-1&#xD;
</product></products><isEvent>通用软硬件漏洞</isEvent><submitTime>2015-09-23</submitTime><openTime>2015-09-28</openTime><discovererName>Dharmendra Kumar Singh</discovererName><referenceLink>https://packetstormsecurity.com/files/133378/Cyberoam-CR500iNG-XP-10.6.2-MR-1-Blind-SQL-Injection.html</referenceLink><formalWay>目前厂商还没有提供补丁或者升级程序，我们建议使用此软件的用户随时关注厂商的主页以获取最新版本：&#xD;
http://www.cyberoam.com/NGFW/</formalWay><description>Cyberoam NG是基于CyberoamOS的下一代防火墙产品。&#xD;
&#xD;
Cyberoam CR500iNG-XP - 10.6.2 MR-1及更早版本存在远程SQL盲注漏洞。允许攻击者利用此漏洞在数据库中执行sql命令。</description></vulnerability><vulnerability><number>CNVD-2015-06250</number><cves><cve><cveNumber>CVE-2015-5636</cveNumber></cve></cves><title>Newphoria Reversi应用程序存在漏洞</title><serverity>中</serverity><products><product>Newphoria Corporation Reversi for iOS &lt;= 1.1</product><product>Newphoria Corporation Reversi for Android &lt;= 1.0.2</product></products><isEvent>通用软硬件漏洞</isEvent><submitTime>2015-09-23</submitTime><openTime>2015-09-29</openTime><discovererName>Kenta Suefusa and Tomonori Shiomi of Sprout Inc.</discovererName><referenceLink>http://jvndb.jvn.jp/en/contents/2015/JVNDB-2015-000134.html</referenceLink><formalWay>用户可联系供应商获得补丁信息：&#xD;
http://www.newphoria.com/</formalWay><description>Newphoria Reversi for Android和iOS是日本Newphoria公司的一套基于Android和iOS平台的黑白棋游戏应用程序。&#xD;
&#xD;
Newphoria Reversi应用程序存在安全漏洞。攻击者可利用该漏洞绕过URL白名单保护机制，获取API访问权限。</description><patchName>Newphoria Reversi应用程序存在漏洞的补丁</patchName><patchDescription>Newphoria Reversi for Android和iOS是日本Newphoria公司的一套基于Android和iOS平台的黑白棋游戏应用程序。 &#xD;
&#xD;
Newphoria Reversi应用程序存在安全漏洞。攻击者可利用该漏洞绕过URL白名单保护机制，获取API访问权限。目前，供应商发布了安全公告及相关补丁信息，修复了此漏洞。</patchDescription></vulnerability><vulnerability><number>CNVD-2015-06251</number><cves><cve><cveNumber>CVE-2015-5635</cveNumber></cve></cves><title>Newphoria Koritore应用程序存在全漏洞</title><serverity>中</serverity><products><product>Newphoria Corporation Koritore for iOS &lt; 1.0</product><product>Newphoria Corporation Koritore for Android &lt; 1.0</product></products><isEvent>通用软硬件漏洞</isEvent><submitTime>2015-09-23</submitTime><openTime>2015-09-29</openTime><discovererName>Kenta Suefusa and Tomonori Shiomi of Sprout Inc.</discovererName><referenceLink>http://jvn.jp/en/jp/JVN24517322/index.html&#xD;
http://jvndb.jvn.jp/en/contents/2015/JVNDB-2015-000133.html</referenceLink><formalWay>用户可联系供应商获得补丁信息：&#xD;
http://www.newphoria.com/</formalWay><description>Newphoria Koritore for Android和iOS是日本Newphoria公司的一套基于Android和iOS平台的。&#xD;
&#xD;
基于Android和iOS平台的Newphoria Koritore应用程序1.1之前版本中存在安全漏洞。攻击者可利用该漏洞绕过URL白名单保护机制，获取API访问权限。</description><patchName>Newphoria Koritore应用程序存在全漏洞的补丁</patchName><patchDescription>Newphoria Koritore for Android和iOS是日本Newphoria公司的一套基于Android和iOS平台的。 &#xD;
&#xD;
基于Android和iOS平台的Newphoria Koritore应用程序1.1之前版本中存在安全漏洞。攻击者可利用该漏洞绕过URL白名单保护机制，获取API访问权限。目前，供应商发布了安全公告及相关补丁信息，修复了此漏洞。</patchDescription></vulnerability><vulnerability><number>CNVD-2015-06252</number><cves><cve><cveNumber>CVE-2015-5634</cveNumber></cve></cves><title>Newphoria MEGAPHONE MUSIC应用程序存在漏洞</title><serverity>中</serverity><products><product>Newphoria Corporation MEGAPHONE MUSIC for iOS &lt;= 1.0</product><product>Newphoria Corporation MEGAPHONE MUSIC for Android &lt;= 1.0</product></products><isEvent>通用软硬件漏洞</isEvent><submitTime>2015-09-23</submitTime><openTime>2015-09-29</openTime><discovererName>Kenta Suefusa and Tomonori Shiomi of Sprout Inc.</discovererName><referenceLink>http://jvndb.jvn.jp/en/contents/2015/JVNDB-2015-000132.html&#xD;
http://jvn.jp/en/jp/JVN83862346/index.html</referenceLink><formalWay>用户可联系供应商获得补丁信息：&#xD;
http://www.newphoria.com/</formalWay><description>Newphoria MEGAPHONE MUSIC application for Android和iOS是日本Newphoria公司的一套基于Android和iOS平台的音乐播放器应用程序。&#xD;
&#xD;
基于Android和iOS平台的Newphoria MEGAPHONE MUSIC应用程序存在安全漏洞。攻击者可利用该漏洞绕过URL白名单保护机制，获取API访问权限。</description><patchName>Newphoria MEGAPHONE MUSIC应用程序存在漏洞的补丁</patchName><patchDescription>Newphoria MEGAPHONE MUSIC application for Android和iOS是日本Newphoria公司的一套基于Android和iOS平台的音乐播放器应用程序。 &#xD;
&#xD;
基于Android和iOS平台的Newphoria MEGAPHONE MUSIC应用程序存在安全漏洞。攻击者可利用该漏洞绕过URL白名单保护机制，获取API访问权限。目前，供应商发布了安全公告及相关补丁信息，修复了此漏洞。</patchDescription></vulnerability><vulnerability><number>CNVD-2015-06253</number><cves><cve><cveNumber>CVE-2015-5638</cveNumber></cve></cves><title>H2O目录遍历漏洞</title><serverity>中</serverity><products><product>Kazuho Oku H2O &lt;= 1.4.4</product><product>Kazuho Oku H2O = 1.5.0-beta1</product></products><isEvent>通用软硬件漏洞</isEvent><submitTime>2015-09-23</submitTime><openTime>2015-09-29</openTime><discovererName>Yusuke OSUMI</discovererName><referenceLink>http://jvn.jp/en/jp/JVN65602714/index.html&#xD;
http://jvndb.jvn.jp/en/contents/2015/JVNDB-2015-000136.html</referenceLink><formalWay>用户可参考如下供应商提供的安全公告获得补丁信息：&#xD;
http://jvndb.jvn.jp/en/contents/2015/JVNDB-2015-000136.html</formalWay><description>H2O是一套开源的Web服务器软件。&#xD;
&#xD;
H2O存在目录遍历漏洞。当程序使用file.dir指令时，远程攻击者可借助特制的URL利用该漏洞读取任意文件。</description><patchName>H2O目录遍历漏洞的补丁</patchName><patchDescription>H2O是一套开源的Web服务器软件。 &#xD;
&#xD;
H2O存在目录遍历漏洞。当程序使用file.dir指令时，远程攻击者可借助特制的URL利用该漏洞读取任意文件。目前，供应商发布了安全公告及相关补丁信息，修复了此漏洞。</patchDescription></vulnerability><vulnerability><number>CNVD-2015-06254</number><cves><cve><cveNumber>CVE-2015-6459</cveNumber></cve></cves><title>GE Digital Energy MDS PulseNET和MDS PulseNET Enterprise绝对路径遍历漏洞</title><serverity>高</serverity><products><product> General Electric Company MDS PulseNET </product></products><isEvent>通用软硬件漏洞</isEvent><submitTime>2015-09-23</submitTime><openTime>2015-09-29</openTime><discovererName>Andrea Micalizzi (rgod)</discovererName><referenceLink>https://ics-cert.us-cert.gov/advisories/ICSA-15-258-03&#xD;
http://zerodayinitiative.com/advisories/ZDI-15-439/</referenceLink><formalWay>用户可参考如下供应商提供的安全公告获得补丁信息：&#xD;
https://ics-cert.us-cert.gov/advisories/ICSA-15-258-03</formalWay><description>GE Digital Energy MDS PulseNET和MDS PulseNET Enterprise都是美国通用电气（GE）公司的产品。GE Digital Energy MDS PulseNET是一套监控工业通讯网络设备的软件应用程序。MDS PulseNET Enterprise是其中的一个企业版。&#xD;
&#xD;
GE Digital Energy MDS PulseNET和MDS PulseNET Enterprise 3.1.5之前版本的FileDownloadServlet中的下载功能存在绝对路径遍历漏洞。远程攻击者可通过完整的路径名利用该漏洞读取或删除任意文件。</description><patchName>GE Digital Energy MDS PulseNET和MDS PulseNET Enterprise绝对路径遍历漏洞的补丁</patchName><patchDescription>GE Digital Energy MDS PulseNET和MDS PulseNET Enterprise都是美国通用电气（GE）公司的产品。GE Digital Energy MDS PulseNET是一套监控工业通讯网络设备的软件应用程序。MDS PulseNET Enterprise是其中的一个企业版。 &#xD;
&#xD;
GE Digital Energy MDS PulseNET和MDS PulseNET Enterprise 3.1.5之前版本的FileDownloadServlet中的下载功能存在绝对路径遍历漏洞。远程攻击者可通过完整的路径名利用该漏洞读取或删除任意文件。目前，供应商发布了安全公告及相关补丁信息，修复了此漏洞。</patchDescription></vulnerability><vulnerability><number>CNVD-2015-06255</number><cves><cve><cveNumber>CVE-2015-6456</cveNumber></cve></cves><title>GE Digital Energy MDS PulseNET和MDS PulseNET Enterprise远程代码执行漏洞</title><serverity>高</serverity><products><product> General Electric Company MDS PulseNET </product></products><isEvent>通用软硬件漏洞</isEvent><submitTime>2015-09-23</submitTime><openTime>2015-09-29</openTime><discovererName>Andrea Micalizzi (rgod)</discovererName><referenceLink>https://ics-cert.us-cert.gov/advisories/ICSA-15-258-03&#xD;
http://zerodayinitiative.com/advisories/ZDI-15-440/</referenceLink><formalWay>用户可参考如下供应商提供的安全公告获得补丁信息：&#xD;
https://ics-cert.us-cert.gov/advisories/ICSA-15-258-03</formalWay><description>GE Digital Energy MDS PulseNET和MDS PulseNET Enterprise都是美国通用电气（GE）公司的产品。GE Digital Energy MDS PulseNET是一套监控工业通讯网络设备的软件应用程序。MDS PulseNET Enterprise是其中的一个企业版。&#xD;
&#xD;
GE Digital Energy MDS PulseNET和MDS PulseNET Enterprise 3.1.5之前版本存在远程代码执行漏洞。由于support账户使用硬编码的证书。远程攻击者可通过已知的密码利用该漏洞获取管理员访问权限，执行任意代码。</description><patchName>GE Digital Energy MDS PulseNET和MDS PulseNET Enterprise远程代码执行漏洞的补丁</patchName><patchDescription>GE Digital Energy MDS PulseNET和MDS PulseNET Enterprise都是美国通用电气（GE）公司的产品。GE Digital Energy MDS PulseNET是一套监控工业通讯网络设备的软件应用程序。MDS PulseNET Enterprise是其中的一个企业版。 &#xD;
&#xD;
GE Digital Energy MDS PulseNET和MDS PulseNET Enterprise 3.1.5之前版本存在远程代码执行漏洞。由于support账户使用硬编码的证书。远程攻击者可通过已知的密码利用该漏洞获取管理员访问权限，执行任意代码。目前，供应商发布了安全公告及相关补丁信息，修复了此漏洞。</patchDescription></vulnerability><vulnerability><number>CNVD-2015-06257</number><cves><cve><cveNumber>CVE-2015-6297</cveNumber></cve></cves><title>Cisco ASR 9000 IOS DHCPv6服务器拒绝服务漏洞</title><serverity>中</serverity><products><product>Cisco ASR 9000 </product></products><isEvent>通用软硬件漏洞</isEvent><submitTime>2015-09-23</submitTime><openTime>2015-09-29</openTime><discovererName>Cisco</discovererName><referenceLink>http://tools.cisco.com/security/center/viewAlert.x?alertId=41060</referenceLink><formalWay>用户可参考如下供应商提供的安全公告获得补丁信息：&#xD;
http://tools.cisco.com/security/center/viewAlert.x?alertId=41060</formalWay><description>Cisco IOS on ASR 9000是美国思科（Cisco）公司的一套运行于9000系列路由器设备中的操作系统。&#xD;
&#xD;
使用5.2.0 Base版本软件的Cisco ASR 9000设备上的Cisco IOS中的DHCPv6服务器存在拒绝服务漏洞。远程攻击者可通过发送特制的数据包利用该漏洞造成拒绝服务（进程重启）。</description><patchName>Cisco ASR 9000 IOS DHCPv6服务器拒绝服务漏洞的补丁</patchName><patchDescription>Cisco IOS on ASR 9000是美国思科（Cisco）公司的一套运行于9000系列路由器设备中的操作系统。 &#xD;
&#xD;
使用5.2.0 Base版本软件的Cisco ASR 9000设备上的Cisco IOS中的DHCPv6服务器存在拒绝服务漏洞。远程攻击者可通过发送特制的数据包利用该漏洞造成拒绝服务（进程重启）。目前，供应商发布了安全公告及相关补丁信息，修复了此漏洞。</patchDescription></vulnerability><vulnerability><number>CNVD-2015-06256</number><cves><cve><cveNumber>CVE-2015-6296</cveNumber></cve></cves><title>Cisco Prime Network Registrar权限提升漏洞</title><serverity>中</serverity><products><product>Cisco Prime Network Registrar 8.1(3.3)</product><product>Cisco Prime Network Registrar  8.2(3)</product><product>Cisco Prime Network Registrar  8.3(2) </product></products><isEvent>通用软硬件漏洞</isEvent><submitTime>2015-09-23</submitTime><openTime>2015-09-29</openTime><discovererName>Cisco</discovererName><referenceLink>http://tools.cisco.com/security/center/viewAlert.x?alertId=41041</referenceLink><formalWay>目前没有详细解决方案提供：&#xD;
http://www.cisco.com</formalWay><description>Cisco Prime Network Registrar（CPNR）是美国思科（Cisco）公司的一款网络注册器产品。该产品提供了动态主机配置协议（DHCP）、域名系统（DNS）和IP地址管理（IPAM）等服务。&#xD;
&#xD;
CPNR存在权限提升漏洞。由于程序中存在默认的账户。本攻击者可通过已知的证书利用该漏洞获取root访问权限。</description></vulnerability><vulnerability><number>CNVD-2015-06258</number><cves><cve><cveNumber>CVE-2015-6294</cveNumber></cve></cves><title>Cisco IOS和IOS XE拒绝服务漏洞</title><serverity>中</serverity><products><product>Cisco IOS 15.2(3)E</product><product>Cisco IOS XE 3.6(2)E</product></products><isEvent>通用软硬件漏洞</isEvent><submitTime>2015-09-23</submitTime><openTime>2015-09-29</openTime><discovererName>Cisco</discovererName><referenceLink>http://tools.cisco.com/security/center/viewAlert.x?alertId=41006</referenceLink><formalWay>用户可参考如下供应商提供的安全公告获得补丁信息：&#xD;
http://tools.cisco.com/security/center/viewAlert.x?alertId=41006</formalWay><description>Cisco IOS和IOS XE Software都是美国思科（Cisco）公司为其网络设备开发的操作系统。&#xD;
&#xD;
Cisco IOS 15.2(3)E及之前版本和IOS XE 3.6(2)E及之前版本存在拒绝服务漏洞。远程攻击者可通过发送特制的Cisco Discovery Protocol(CDP)数据包利用该漏洞造成拒绝服务（功能失效）。</description><patchName>Cisco IOS和IOS XE拒绝服务漏洞的补丁</patchName><patchDescription>Cisco IOS和IOS XE Software都是美国思科（Cisco）公司为其网络设备开发的操作系统。 &#xD;
&#xD;
Cisco IOS 15.2(3)E及之前版本和IOS XE 3.6(2)E及之前版本存在拒绝服务漏洞。远程攻击者可通过发送特制的Cisco Discovery Protocol(CDP)数据包利用该漏洞造成拒绝服务（功能失效）。目前，供应商发布了安全公告及相关补丁信息，修复了此漏洞。</patchDescription></vulnerability><vulnerability><number>CNVD-2015-06259</number><cves><cve><cveNumber>CVE-2015-7239</cveNumber></cve></cves><title>SAP NetWeaver J2EE Engine BP_FIND_JOBS_WITH_PROGRAM函数模块SQL注入漏洞</title><serverity>高</serverity><products><product>SAP NetWeaver J2EE Engine 7.40</product></products><isEvent>通用软硬件漏洞</isEvent><submitTime>2015-09-23</submitTime><openTime>2015-09-29</openTime><discovererName>Vahagn Vardanyan (ERPScan)</discovererName><referenceLink>http://erpscan.com/advisories/erpscan-15-021-sap-netweaver-7-4-bp_find_jobs_with_program-sql-injection/</referenceLink><formalWay>用户可参考如下供应商提供的安全公告获得补丁信息：&#xD;
https://service.sap.com/sap/support/notes/2193389</formalWay><description>SAP NetWeaver J2EE Engine是德国思爱普（SAP）公司的一个面向服务的集成化应用平台的J2EE引擎。BP_FIND_JOBS_WITH_PROGRAM function是其中的一个查找请求指定的程序模块。&#xD;
&#xD;
SAP NetWeaver J2EE Engine 7.40版本的BP_FIND_JOBS_WITH_PROGRAM函数模块中存在SQL注入漏洞。远程攻击者可利用该漏洞执行任意SQL命令。</description><patchName>SAP NetWeaver J2EE Engine BP_FIND_JOBS_WITH_PROGRAM函数模块SQL注入漏洞的补丁</patchName><patchDescription>SAP NetWeaver J2EE Engine是德国思爱普（SAP）公司的一个面向服务的集成化应用平台的J2EE引擎。BP_FIND_JOBS_WITH_PROGRAM function是其中的一个查找请求指定的程序模块。 &#xD;
&#xD;
SAP NetWeaver J2EE Engine 7.40版本的BP_FIND_JOBS_WITH_PROGRAM函数模块中存在SQL注入漏洞。远程攻击者可利用该漏洞执行任意SQL命令。目前，供应商发布了安全公告及相关补丁信息，修复了此漏洞。</patchDescription></vulnerability><vulnerability><number>CNVD-2015-06260</number><cves><cve><cveNumber>CVE-2015-7238</cveNumber></cve></cves><title>McAfee Threat Intelligence Exchange Secondary服务器信息泄露漏洞</title><serverity>低</serverity><products><product>McAfee Threat Intelligence Exchange (TIE) &lt; 1.2.0</product></products><isEvent>通用软硬件漏洞</isEvent><submitTime>2015-09-23</submitTime><openTime>2015-09-29</openTime><discovererName>McAfee</discovererName><referenceLink>https://web.nvd.nist.gov/view/vuln/detail?vulnId=CVE-2015-7238</referenceLink><formalWay>用户可参考如下供应商提供的安全公告获得补丁信息：&#xD;
https://kc.mcafee.com/corporate/index?page=content&amp;id=SB10132</formalWay><description>McAfee Threat Intelligence Exchange（TIE）美国迈克菲（McAfee）公司的一套提供安全恢复和感染防御功能的统一威胁防御系统。该系统提供全面的威胁智能感知、即时了解高级有针对性攻击的行迹和主动防护新威胁等功能。&#xD;
&#xD;
McAfee TIE 1.2.0之前版本的Secondary服务器中存在安全漏洞。由于程序为配置文件和安装日志文件分配弱权限。本地攻击者可通过读取文件利用该漏洞获取敏感信息。</description><patchName>McAfee Threat Intelligence Exchange Secondary服务器信息泄露漏洞的补丁</patchName><patchDescription>McAfee Threat Intelligence Exchange（TIE）美国迈克菲（McAfee）公司的一套提供安全恢复和感染防御功能的统一威胁防御系统。该系统提供全面的威胁智能感知、即时了解高级有针对性攻击的行迹和主动防护新威胁等功能。 &#xD;
&#xD;
McAfee TIE 1.2.0之前版本的Secondary服务器中存在安全漏洞。由于程序为配置文件和安装日志文件分配弱权限。本地攻击者可通过读取文件利用该漏洞获取敏感信息。目前，供应商发布了安全公告及相关补丁信息，修复了此漏洞。</patchDescription></vulnerability><vulnerability><number>CNVD-2015-06240</number><cves><cve><cveNumber>CVE-2015-7237</cveNumber></cve></cves><title>McAfee Agent目录遍历漏洞</title><serverity>中</serverity><products><product>Mcafee McAfee Agent 5.x(&lt;5.0.2)</product></products><isEvent>通用软硬件漏洞</isEvent><submitTime>2015-09-23</submitTime><openTime>2015-09-28</openTime><discovererName>McAfee</discovererName><referenceLink>http://www.securitytracker.com/id/1033450&#xD;
https://kc.mcafee.com/corporate/index?page=content&amp;id=SB10130</referenceLink><formalWay>用户可参考如下供应商提供的安全公告获得补丁信息：&#xD;
https://kc.mcafee.com/corporate/index?page=content&amp;id=SB10130</formalWay><description>McAfee Agent（MA）是美国迈克菲（McAfee）公司的一套提供了ePolicy Orchestrator（杀毒软件管理平台）与被管理产品之间的安全通信的客户端组件。&#xD;
&#xD;
MA 5.0.2之前5.x版本的远程日志查看功能中存在目录遍历漏洞。远程攻击者可利用该漏洞获取敏感信息。</description><patchName>McAfee Agent目录遍历漏洞的补丁</patchName><patchDescription>McAfee Agent（MA）是美国迈克菲（McAfee）公司的一套提供了ePolicy Orchestrator（杀毒软件管理平台）与被管理产品之间的安全通信的客户端组件。 &#xD;
&#xD;
MA 5.0.2之前5.x版本的远程日志查看功能中存在目录遍历漏洞。远程攻击者可利用该漏洞获取敏感信息。目前，供应商发布了安全公告及相关补丁信息，修复了此漏洞。</patchDescription></vulnerability><vulnerability><number>CNVD-2015-06241</number><cves><cve><cveNumber>CVE-2015-5892</cveNumber></cve></cves><title>Apple iOS Siri信息泄露漏洞</title><serverity>低</serverity><products><product>Apple IOS &lt;9</product></products><isEvent>通用软硬件漏洞</isEvent><submitTime>2015-09-23</submitTime><openTime>2015-09-28</openTime><discovererName>Robert S Mozayeni, Joshua Donvito</discovererName><referenceLink>https://support.apple.com/HT205212</referenceLink><formalWay>目前厂商已经发布了升级补丁以修复这个安全问题，请到厂商的主页下载：&#xD;
https://support.apple.com/HT205212</formalWay><description>Apple iOS是美国苹果（Apple）公司为移动设备所开发的一套操作系统。Siri是其中的一个语音控制组件。&#xD;
&#xD;
Apple iOS Siri存在信息泄露漏洞。物理位置邻近的攻击者可通过监听处于锁屏状态的设备利用该漏洞绕过client-side保护机制，获取敏感的content-notification信息。</description><patchName>Apple iOS Siri信息泄露漏洞的补丁</patchName><patchDescription>Apple iOS是美国苹果（Apple）公司为移动设备所开发的一套操作系统。Siri是其中的一个语音控制组件。&#xD;
&#xD;
Apple iOS Siri存在信息泄露漏洞。物理位置邻近的攻击者可通过监听处于锁屏状态的设备利用该漏洞绕过client-side保护机制，获取敏感的content-notification信息。目前，供应商发布了安全公告及相关补丁信息，修复了此漏洞。</patchDescription></vulnerability><vulnerability><number>CNVD-2015-06242</number><cves><cve><cveNumber>CVE-2015-5860</cveNumber></cve></cves><title>Apple iOS CFNetwork HTTPProtocol组件信息泄露漏洞</title><serverity>中</serverity><products><product>Apple IOS &lt;9</product></products><isEvent>通用软硬件漏洞</isEvent><submitTime>2015-09-23</submitTime><openTime>2015-09-28</openTime><discovererName>Sam Greenhalgh of RadicalResearch Ltd</discovererName><referenceLink>https://support.apple.com/zh-cn/HT205212</referenceLink><formalWay>目前厂商已经发布了升级补丁以修复这个安全问题，请到厂商的主页下载：&#xD;
https://support.apple.com/zh-cn/HT205212</formalWay><description>Apple iOS是美国苹果（Apple）公司为移动设备所开发的一套操作系统。&#xD;
&#xD;
Apple iOS CFNetwork HTTPProtocol组件存在信息泄露漏洞。由于程序未能正确处理HSTS状态。远程攻击者可通过特制的Web站点利用该漏洞绕过Safari private-browsing保护机制，定位用户。</description><patchName>Apple iOS CFNetwork HTTPProtocol组件信息泄露漏洞的补丁</patchName><patchDescription>Apple iOS是美国苹果（Apple）公司为移动设备所开发的一套操作系统。 &#xD;
&#xD;
Apple iOS CFNetwork HTTPProtocol组件存在信息泄露漏洞。由于程序未能正确处理HSTS状态。远程攻击者可通过特制的Web站点利用该漏洞绕过Safari private-browsing保护机制，定位用户。目前，供应商发布了安全公告及相关补丁信息，修复了此漏洞。</patchDescription></vulnerability><vulnerability><number>CNVD-2015-06261</number><cves><cve><cveNumber>CVE-2015-6544</cveNumber></cve></cves><title>ITOP反射型跨站脚本漏洞</title><serverity>中</serverity><products><product>Combodo SARL iTop &lt;= 2.1.0-2127</product></products><isEvent>通用软硬件漏洞</isEvent><submitTime>2015-09-23</submitTime><openTime>2015-09-29</openTime><discovererName>High-Tech Bridge Security Research Lab</discovererName><referenceLink>https://www.htbridge.com/advisory/HTB23268</referenceLink><formalWay>用户可参考如下供应商提供的安全公告获得补丁信息：&#xD;
http://sourceforge.net/p/itop/tickets/1114/</formalWay><description>ITOP是一个开源Web应用程序。&#xD;
&#xD;
ITOP存在反射型跨站脚本漏洞。由于通过"title" HTTP GET参数传递到"/pages/ajax.render.php"脚本的输入未能充分过滤，远程未经认证的攻击者可以欺骗一个登录的用户打开一个特制链接，并在受影响站点的上下文的浏览器执行任意HTML和脚本代码。</description><patchName>ITOP反射型跨站脚本漏洞的补丁</patchName><patchDescription>ITOP是一个开源Web应用程序。 &#xD;
&#xD;
ITOP存在反射型跨站脚本漏洞。由于通过"title" HTTP GET参数传递到"/pages/ajax.render.php"脚本的输入未能充分过滤，远程未经认证的攻击者可以欺骗一个登录的用户打开一个特制链接，并在受影响站点的上下文的浏览器执行任意HTML和脚本代码。目前，供应商发布了安全公告及相关补丁信息，修复了此漏洞。</patchDescription></vulnerability><vulnerability><number>CNVD-2015-06271</number><cves><cve><cveNumber>CVE-2015-5573</cveNumber></cve></cves><title>多款Adobe产品任意代码执行漏洞（CNVD-2015-06271）</title><serverity>高</serverity><products><product>Adobe Flash Player &lt; 18.0.0.241</product><product>Adobe Flash Player(on Windows/OS X) 19.x(&lt;19.0.0.185)</product><product>Adobe Flash Player(on Linux) &lt; 11.2.202.521</product><product>Adobe AIR &lt; 19.0.0.190</product><product>Adobe AIR SDK &lt; 19.0.0.190</product><product>Adobe AIR SDK &amp; Compiler  &lt; 19.0.0.190</product></products><isEvent>通用软硬件漏洞</isEvent><submitTime>2015-09-25</submitTime><openTime>2015-09-30</openTime><discovererName>instruder of Alibaba Security Threat intelligence centers</discovererName><referenceLink>https://helpx.adobe.com/security/products/flash-player/apsb15-23.html</referenceLink><formalWay>用户可参考如下厂商提供的安全公告获取补丁以修复该漏洞：&#xD;
https://helpx.adobe.com/security/products/flash-player/apsb15-23.html</formalWay><description>Adobe Flash Player、Adobe AIR SDK和Adobe AIR SDK &amp; Compiler都是美国奥多比（Adobe）公司的产品。Adobe Flash Player是一款多媒体播放器产品；Adobe AIR SDK和Adobe AIR SDK &amp; Compiler都是适用于Adobe AIR（一个跨操作系统的运行时环境）的标准开发工具包。&#xD;
&#xD;
多款Adobe产品中存在安全漏洞。攻击者可利用该漏洞执行任意代码，控制受影响系统。</description><patchName>多款Adobe产品任意代码执行漏洞（CNVD-2015-06271）的补丁</patchName><patchDescription>Adobe Flash Player、Adobe AIR SDK和Adobe AIR SDK &amp; Compiler都是美国奥多比（Adobe）公司的产品。Adobe Flash Player是一款多媒体播放器产品；Adobe AIR SDK和Adobe AIR SDK &amp; Compiler都是适用于Adobe AIR（一个跨操作系统的运行时环境）的标准开发工具包。 &#xD;
&#xD;
多款Adobe产品中存在安全漏洞。攻击者可利用该漏洞执行任意代码，控制受影响系统。目前，供应商发布了安全公告及相关补丁信息，修复了此漏洞。</patchDescription></vulnerability><vulnerability><number>CNVD-2015-06272</number><cves><cve><cveNumber>CVE-2015-5572</cveNumber></cve></cves><title>多款Adobe产品信息泄露漏洞（CNVD-2015-06272）</title><serverity>中</serverity><products><product>Adobe Flash Player &lt; 18.0.0.241</product><product>Adobe Flash Player(on Windows/OS X) 19.x(&lt;19.0.0.185)</product><product>Adobe Flash Player(on Linux) &lt; 11.2.202.521</product><product>Adobe AIR &lt; 19.0.0.190</product><product>Adobe AIR SDK &lt; 19.0.0.190</product><product>Adobe AIR SDK &amp; Compiler  &lt; 19.0.0.190</product></products><isEvent>通用软硬件漏洞</isEvent><submitTime>2015-09-25</submitTime><openTime>2015-09-30</openTime><discovererName>Alexey Rekish of AddReality</discovererName><referenceLink>https://helpx.adobe.com/security/products/flash-player/apsb15-23.html</referenceLink><formalWay>用户可参考如下厂商提供的安全公告获取补丁以修复该漏洞：&#xD;
https://helpx.adobe.com/security/products/flash-player/apsb15-23.html</formalWay><description>Adobe Flash Player、Adobe AIR SDK和Adobe AIR SDK &amp; Compiler都是美国奥多比（Adobe）公司的产品。Adobe Flash Player是一款多媒体播放器产品；Adobe AIR SDK和Adobe AIR SDK &amp; Compiler都是适用于Adobe AIR（一个跨操作系统的运行时环境）的标准开发工具包。&#xD;
&#xD;
多款Adobe产品中存在安全漏洞。攻击者可利用该漏洞绕过既定的访问限制，获取敏感信息。</description><patchName>多款Adobe产品信息泄露漏洞（CNVD-2015-06272）的补丁</patchName><patchDescription>Adobe Flash Player、Adobe AIR SDK和Adobe AIR SDK &amp; Compiler都是美国奥多比（Adobe）公司的产品。Adobe Flash Player是一款多媒体播放器产品；Adobe AIR SDK和Adobe AIR SDK &amp; Compiler都是适用于Adobe AIR（一个跨操作系统的运行时环境）的标准开发工具包。 &#xD;
&#xD;
多款Adobe产品中存在安全漏洞。攻击者可利用该漏洞绕过既定的访问限制，获取敏感信息。目前，供应商发布了安全公告及相关补丁信息，修复了此漏洞。</patchDescription></vulnerability><vulnerability><number>CNVD-2015-06273</number><cves><cve><cveNumber>CVE-2015-5571</cveNumber></cve></cves><title>多款Adobe产品信息泄露漏洞（CNVD-2015-06273）</title><serverity>中</serverity><products><product>Adobe Flash Player &lt; 18.0.0.241</product><product>Adobe Flash Player(on Windows/OS X) 19.x(&lt;19.0.0.185)</product><product>Adobe Flash Player(on Linux) &lt; 11.2.202.521</product><product>Adobe AIR &lt; 19.0.0.190</product><product>Adobe AIR SDK &lt; 19.0.0.190</product><product>Adobe AIR SDK &amp; Compiler  &lt; 19.0.0.190</product></products><isEvent>通用软硬件漏洞</isEvent><submitTime>2015-09-25</submitTime><openTime>2015-09-30</openTime><discovererName>Ben Hayak</discovererName><referenceLink>https://helpx.adobe.com/security/products/flash-player/apsb15-23.html</referenceLink><formalWay>用户可参考如下厂商提供的安全公告获取补丁以修复该漏洞：&#xD;
https://helpx.adobe.com/security/products/flash-player/apsb15-23.html</formalWay><description>Adobe Flash Player、Adobe AIR SDK和Adobe AIR SDK &amp; Compiler都是美国奥多比（Adobe）公司的产品。Adobe Flash Player是一款多媒体播放器产品；Adobe AIR SDK和Adobe AIR SDK &amp; Compiler都是适用于Adobe AIR（一个跨操作系统的运行时环境）的标准开发工具包。&#xD;
&#xD;
多款Adobe产品中存在安全漏洞。由于程序未能正确限制SWF文件格式。远程攻击者可通过包含SWF内容的特制的OBJECT元素利用该漏洞对JSONP端点实施跨站请求伪造攻击，获取敏感信息。</description><patchName>多款Adobe产品信息泄露漏洞（CNVD-2015-06273）的补丁</patchName><patchDescription>Adobe Flash Player、Adobe AIR SDK和Adobe AIR SDK &amp; Compiler都是美国奥多比（Adobe）公司的产品。Adobe Flash Player是一款多媒体播放器产品；Adobe AIR SDK和Adobe AIR SDK &amp; Compiler都是适用于Adobe AIR（一个跨操作系统的运行时环境）的标准开发工具包。 &#xD;
&#xD;
多款Adobe产品中存在安全漏洞。由于程序未能正确限制SWF文件格式。远程攻击者可通过包含SWF内容的特制的OBJECT元素利用该漏洞对JSONP端点实施跨站请求伪造攻击，获取敏感信息。目前，供应商发布了安全公告及相关补丁信息，修复了此漏洞。</patchDescription></vulnerability><vulnerability><number>CNVD-2015-06274</number><cves><cve><cveNumber>CVE-2015-5570</cveNumber></cve></cves><title>多款Adobe产品内存错误引用漏洞（CNVD-2015-06274）</title><serverity>高</serverity><products><product>Adobe Flash Player &lt; 18.0.0.241</product><product>Adobe Flash Player(on Windows/OS X) 19.x(&lt;19.0.0.185)</product><product>Adobe Flash Player(on Linux) &lt; 11.2.202.521</product><product>Adobe AIR SDK &lt; 19.0.0.190</product><product>Adobe AIR SDK &amp; Compiler  &lt; 19.0.0.190</product></products><isEvent>通用软硬件漏洞</isEvent><submitTime>2015-09-25</submitTime><openTime>2015-09-30</openTime><discovererName>bilou working with HP's Zero Day Initiative</discovererName><referenceLink>https://helpx.adobe.com/security/products/flash-player/apsb15-23.html</referenceLink><formalWay>用户可参考如下厂商提供的安全公告获取补丁以修复该漏洞：&#xD;
https://helpx.adobe.com/security/products/flash-player/apsb15-23.html</formalWay><description>Adobe Flash Player、Adobe AIR SDK和Adobe AIR SDK &amp; Compiler都是美国奥多比（Adobe）公司的产品。Adobe Flash Player是一款多媒体播放器产品；Adobe AIR SDK和Adobe AIR SDK &amp; Compiler都是适用于Adobe AIR（一个跨操作系统的运行时环境）的标准开发工具包。&#xD;
&#xD;
多款Adobe产品中存在内存错误引用漏洞。攻击者可利用该漏洞执行任意代码，控制受影响系统。</description><patchName>多款Adobe产品内存错误引用漏洞（CNVD-2015-06274）的补丁</patchName><patchDescription>Adobe Flash Player、Adobe AIR SDK和Adobe AIR SDK &amp; Compiler都是美国奥多比（Adobe）公司的产品。Adobe Flash Player是一款多媒体播放器产品；Adobe AIR SDK和Adobe AIR SDK &amp; Compiler都是适用于Adobe AIR（一个跨操作系统的运行时环境）的标准开发工具包。 &#xD;
&#xD;
多款Adobe产品中存在内存错误引用漏洞。攻击者可利用该漏洞执行任意代码，控制受影响系统。目前，供应商发布了安全公告及相关补丁信息，修复了此漏洞。</patchDescription></vulnerability><vulnerability><number>CNVD-2015-06279</number><cves><cve><cveNumber>CVE-2015-5568</cveNumber></cve></cves><title>多款Adobe产品输入验证漏洞</title><serverity>高</serverity><products><product>Adobe Flash Player &lt; 18.0.0.241</product><product>Adobe Flash Player(on Windows/OS X) 19.x(&lt;19.0.0.185)</product><product>Adobe Flash Player(on Linux) &lt; 11.2.202.521</product><product>Adobe AIR &lt; 19.0.0.190</product><product>Adobe AIR SDK &lt; 19.0.0.190</product><product>Adobe AIR SDK &amp; Compiler  &lt; 19.0.0.190</product></products><isEvent>通用软硬件漏洞</isEvent><submitTime>2015-09-25</submitTime><openTime>2015-09-30</openTime><discovererName>James Forshaw of Google Project Zero</discovererName><referenceLink>https://helpx.adobe.com/security/products/flash-player/apsb15-23.html</referenceLink><formalWay>用户可参考如下厂商提供的安全公告获取补丁以修复该漏洞：&#xD;
https://helpx.adobe.com/security/products/flash-player/apsb15-23.html</formalWay><description>Adobe Flash Player、Adobe AIR SDK和Adobe AIR SDK &amp; Compiler都是美国奥多比（Adobe）公司的产品。Adobe Flash Player是一款多媒体播放器产品；Adobe AIR SDK和Adobe AIR SDK &amp; Compiler都是适用于Adobe AIR（一个跨操作系统的运行时环境）的标准开发工具包。&#xD;
&#xD;
多款Adobe产品中存在安全漏洞。攻击者可利用该漏洞造成拒绝服务（向量长度损坏）。</description><patchName>多款Adobe产品输入验证漏洞的补丁</patchName><patchDescription>Adobe Flash Player、Adobe AIR SDK和Adobe AIR SDK &amp; Compiler都是美国奥多比（Adobe）公司的产品。Adobe Flash Player是一款多媒体播放器产品；Adobe AIR SDK和Adobe AIR SDK &amp; Compiler都是适用于Adobe AIR（一个跨操作系统的运行时环境）的标准开发工具包。 &#xD;
&#xD;
多款Adobe产品中存在安全漏洞。攻击者可利用该漏洞造成拒绝服务（向量长度破坏）。目前，供应商发布了安全公告及相关补丁信息，修复了此漏洞。</patchDescription></vulnerability><vulnerability><number>CNVD-2015-06278</number><cves><cve><cveNumber>CVE-2015-5567</cveNumber></cve></cves><title>多款Adobe产品缓冲区溢出漏洞（CNVD-2015-06278）</title><serverity>高</serverity><products><product>Adobe Flash Player &lt; 18.0.0.241</product><product>Adobe Flash Player(on Windows/OS X) 19.x(&lt;19.0.0.185)</product><product>Adobe Flash Player(on Linux) &lt; 11.2.202.521</product><product>Adobe AIR &lt; 19.0.0.190</product><product>Adobe AIR SDK &lt; 19.0.0.190</product><product>Adobe AIR SDK &amp; Compiler  &lt; 19.0.0.190</product></products><isEvent>通用软硬件漏洞</isEvent><submitTime>2015-09-25</submitTime><openTime>2015-09-30</openTime><discovererName>bilou</discovererName><referenceLink>https://helpx.adobe.com/security/products/flash-player/apsb15-23.html&#xD;
https://web.nvd.nist.gov/view/vuln/detail?vulnId=CVE-2015-5567</referenceLink><formalWay>用户可参考如下厂商提供的安全公告获取补丁以修复该漏洞：&#xD;
https://helpx.adobe.com/security/products/flash-player/apsb15-23.html</formalWay><description>Adobe Flash Player、Adobe AIR SDK和Adobe AIR SDK &amp; Compiler都是美国奥多比（Adobe）公司的产品。Adobe Flash Player是一款多媒体播放器产品；Adobe AIR SDK和Adobe AIR SDK &amp; Compiler都是适用于Adobe AIR（一个跨操作系统的运行时环境）的标准开发工具包。&#xD;
&#xD;
多款Adobe产品存在安全漏洞。攻击者可利用该漏洞执行任意代码，或造成拒绝服务（栈内存破坏）。</description><patchName>多款Adobe产品缓冲区溢出漏洞（CNVD-2015-06278）的补丁</patchName><patchDescription>Adobe Flash Player、Adobe AIR SDK和Adobe AIR SDK &amp; Compiler都是美国奥多比（Adobe）公司的产品。Adobe Flash Player是一款多媒体播放器产品；Adobe AIR SDK和Adobe AIR SDK &amp; Compiler都是适用于Adobe AIR（一个跨操作系统的运行时环境）的标准开发工具包。 &#xD;
&#xD;
多款Adobe产品存在安全漏洞。攻击者可利用该漏洞执行任意代码，或造成拒绝服务（栈内存破坏）。目前，供应商发布了安全公告及相关补丁信息，修复了此漏洞。</patchDescription></vulnerability><vulnerability><number>CNVD-2015-06245</number><cves><cve><cveNumber>CVE-2015-7307</cveNumber></cve></cves><title>Drupal CMS Updater模块跨站脚本漏洞</title><serverity>中</serverity><products><product>Drupal CMS Updater module 7.x-1.x（&lt;7.x-1.3）</product></products><isEvent>通用软硬件漏洞</isEvent><submitTime>2015-09-25</submitTime><openTime>2015-09-28</openTime><discovererName>Klaus Purer of the Drupal Security Team</discovererName><referenceLink>https://www.drupal.org/node/2569111</referenceLink><formalWay>用户可参考如下厂商提供的安全公告获取补丁以修复该漏洞：&#xD;
https://www.drupal.org/node/2569599</formalWay><description>Drupal是一套用PHP语言开发的免费、开源的内容管理系统。CMS Updater module for Drupal是Drupal的一个为Drupal网站提供安全保护的模块。&#xD;
&#xD;
Drupal CMS Updater模块7.x-1.3之前7.x-1.x版本中存在跨站脚本漏洞，允许远程攻击者通过未指定配置页注入任意web脚本或HTML。</description><patchName>Drupal CMS Updater模块跨站脚本漏洞的补丁</patchName><patchDescription>Drupal是一套用PHP语言开发的免费、开源的内容管理系统。CMS Updater module for Drupal是Drupal的一个为Drupal网站提供安全保护的模块。&#xD;
&#xD;
Drupal CMS Updater模块7.x-1.3之前7.x-1.x版本中存在跨站脚本漏洞，允许远程攻击者通过未指定配置页注入任意web脚本或HTML。</patchDescription></vulnerability><vulnerability><number>CNVD-2015-06246</number><cves><cve><cveNumber>CVE-2015-7306</cveNumber></cve></cves><title>Drupal CMS Updater模块安全限制绕过漏洞</title><serverity>中</serverity><products><product>Drupal CMS Updater module 7.x-1.x（&lt;7.x-1.3）</product></products><isEvent>通用软硬件漏洞</isEvent><submitTime>2015-09-25</submitTime><openTime>2015-09-28</openTime><discovererName>Klaus Purer of the Drupal Security Team</discovererName><referenceLink>https://www.drupal.org/node/2569599</referenceLink><formalWay>用户可参考如下厂商提供的安全公告获取补丁以修复该漏洞：&#xD;
https://www.drupal.org/node/2569599</formalWay><description>Drupal是一套用PHP语言开发的免费、开源的内容管理系统。CMS Updater module for Drupal是Drupal的一个为Drupal网站提供安全保护的模块。&#xD;
&#xD;
Drupal CMS Updater模块7.x-1.3之前7.x-1.x版本中存在安全限制绕过漏洞，允许已通过身份验证的远程用户通过利用"访问管理页"权限访问和更改设置。</description><patchName>Drupal CMS Updater模块安全限制绕过漏洞的补丁</patchName><patchDescription>Drupal是一套用PHP语言开发的免费、开源的内容管理系统。CMS Updater module for Drupal是Drupal的一个为Drupal网站提供安全保护的模块。&#xD;
&#xD;
Drupal CMS Updater模块7.x-1.3之前7.x-1.x版本中存在安全限制绕过漏洞，允许已通过身份验证的远程用户通过利用"访问管理页"权限访问和更改设置。目前，供应商发布了安全公告及相关补丁信息，修复了此漏洞。</patchDescription></vulnerability><vulnerability><number>CNVD-2015-06247</number><cves><cve><cveNumber>CVE-2015-7305</cveNumber></cve></cves><title>Drupal Scald模块信息泄露漏洞</title><serverity>中</serverity><products><product>Drupal Scald Module 7.x-1.x（&lt;7.x-1.5）</product></products><isEvent>通用软硬件漏洞</isEvent><submitTime>2015-09-25</submitTime><openTime>2015-09-28</openTime><discovererName>Pere Orga of the Drupal Security Team</discovererName><referenceLink>https://www.drupal.org/node/2569621</referenceLink><formalWay>用户可参考如下厂商提供的安全公告获取补丁以修复该漏洞：&#xD;
https://www.drupal.org/node/2569621</formalWay><description>Drupal是一套用PHP语言开发的免费、开源的内容管理系统。Scald module for Drupal是Drupal的一个多媒体管理模块。&#xD;
&#xD;
Drupal Scald模块7.x-1.5之前7.x-1.x版本中存在信息泄露漏洞，允许远程攻击者通过"调试上下文获取敏感am属性信息。</description><patchName>Drupal Scald模块信息泄露漏洞的补丁</patchName><patchDescription>Drupal是一套用PHP语言开发的免费、开源的内容管理系统。Scald module for Drupal是Drupal的一个多媒体管理模块。&#xD;
&#xD;
Drupal Scald模块7.x-1.5之前7.x-1.x版本中存在信息泄露漏洞，允许远程攻击者通过"调试上下文获取敏感am属性信息。目前，供应商发布了安全公告及相关补丁信息，修复了此漏洞。</patchDescription></vulnerability><vulnerability><number>CNVD-2015-06248</number><cves><cve><cveNumber>CVE-2015-7304</cveNumber></cve></cves><title>Drupal amoCRM模块跨站脚本漏洞</title><serverity>低</serverity><products><product>Drupal amoCRM module 7.x-1.x（&lt;7.x-1.2）</product></products><isEvent>通用软硬件漏洞</isEvent><submitTime>2015-09-25</submitTime><openTime>2015-09-28</openTime><discovererName>Klaus Purer of the Drupal Security Team</discovererName><referenceLink>https://www.drupal.org/node/2569243</referenceLink><formalWay>用户可参考如下厂商提供的安全公告获取补丁以修复该漏洞：&#xD;
https://www.drupal.org/node/2569243</formalWay><description>Drupal是一套用PHP语言开发的免费、开源的内容管理系统。amoCRM module for Drupal是Drupal的一个销售管理Web服务。&#xD;
&#xD;
Drupal amoCRM模块7.x-1.2之前7.x-1.x版本中存在跨站脚本漏洞，允许远程攻击者通过未指定HTTP POST数据注入任意web脚本或HTML。</description><patchName>Drupal amoCRM模块跨站脚本漏洞的补丁</patchName><patchDescription>Drupal是一套用PHP语言开发的免费、开源的内容管理系统。amoCRM module for Drupal是Drupal的一个销售管理Web服务。&#xD;
&#xD;
Drupal amoCRM模块7.x-1.2之前7.x-1.x版本中存在跨站脚本漏洞，允许远程攻击者通过未指定HTTP POST数据注入任意web脚本或HTML。目前，供应商发布了安全公告及相关补丁信息，修复了此漏洞。</patchDescription></vulnerability><vulnerability><number>CNVD-2015-06277</number><cves><cve><cveNumber>CVE-2015-6938</cveNumber></cve></cves><title>IPython Notebook和Jupyter Notebook跨站脚本漏洞</title><serverity>中</serverity><products><product>IPython Notebook &lt; 3.2.2</product><product>IPython Jupyter Notebook 4.0.x (&lt; 4.0.5)</product></products><isEvent>通用软硬件漏洞</isEvent><submitTime>2015-09-25</submitTime><openTime>2015-09-30</openTime><discovererName>unknown</discovererName><referenceLink>https://bugzilla.redhat.com/show_bug.cgi?id=1259405</referenceLink><formalWay>用户可参考如下厂商提供的安全公告获取补丁以修复该漏洞：&#xD;
https://bugzilla.redhat.com/show_bug.cgi?id=1259405</formalWay><description>IPython是IPython团队开发的一个Python的原生交互式shell的增强版。Notebook是其中的一个开发环境。Jupyter Notebook是其中的一套用于创建、共享代码和说明性文本文档的Web应用程序。&#xD;
&#xD;
IPython Notebook 3.2.2之前版本和Jupyter Notebook 4.0.5之前4.0.x版本的notebook/notebookapp.py文件中的文件浏览器中存在跨站脚本漏洞。远程攻击者可通过文件夹名称利用该漏洞注入任意Web脚本或HTML。</description><patchName>IPython Notebook和Jupyter Notebook跨站脚本漏洞的补丁</patchName><patchDescription>IPython是IPython团队开发的一个Python的原生交互式shell的增强版。Notebook是其中的一个开发环境。Jupyter Notebook是其中的一套用于创建、共享代码和说明性文本文档的Web应用程序。 &#xD;
&#xD;
IPython Notebook 3.2.2之前版本和Jupyter Notebook 4.0.5之前4.0.x版本的notebook/notebookapp.py文件中的文件浏览器中存在跨站脚本漏洞。远程攻击者可通过文件夹名称利用该漏洞注入任意Web脚本或HTML。目前，供应商发布了安全公告及相关补丁信息，修复了此漏洞。</patchDescription></vulnerability><vulnerability><number>CNVD-2015-06276</number><cves><cve><cveNumber>CVE-2015-6749</cveNumber></cve></cves><title>vorbis-tools缓冲区溢出漏洞</title><serverity>中</serverity><products><product>xiph vorbis-tools &lt;= 1.4.0</product></products><isEvent>通用软硬件漏洞</isEvent><submitTime>2015-09-25</submitTime><openTime>2015-09-30</openTime><discovererName>unknown</discovererName><referenceLink>https://trac.xiph.org/ticket/2212</referenceLink><formalWay>用户可参考如下厂商提供的安全公告获取补丁以修复该漏洞：&#xD;
https://trac.xiph.org/ticket/2212</formalWay><description>vorbis-tools是一套Ogg（一种音频压缩格式）vorbis工具。&#xD;
&#xD;
vorbis-tools 1.4.0及之前版本的oggenc/audio.c文件中的‘aiff_open’函数存在缓冲区溢出漏洞。远程攻击者可借助特制的AIFF文件利用该漏洞造成拒绝服务（崩溃）。</description><patchName>vorbis-tools缓冲区溢出漏洞的补丁</patchName><patchDescription>vorbis-tools是一套Ogg（一种音频压缩格式）vorbis工具。 &#xD;
&#xD;
vorbis-tools 1.4.0及之前版本的oggenc/audio.c文件中的‘aiff_open’函数存在缓冲区溢出漏洞。远程攻击者可借助特制的AIFF文件利用该漏洞造成拒绝服务（崩溃）。目前，供应商发布了安全公告及相关补丁信息，修复了此漏洞。</patchDescription></vulnerability><vulnerability><number>CNVD-2015-06275</number><cves><cve><cveNumber>CVE-2015-6238</cveNumber></cve></cves><title>WordPress Google Analyticator插件跨站脚本漏洞</title><serverity>中</serverity><products><product>WordPress Google Analyticator Plugin 6.4.9.6</product></products><isEvent>通用软硬件漏洞</isEvent><submitTime>2015-09-25</submitTime><openTime>2015-09-30</openTime><discovererName>Omar Kurt while testing</discovererName><referenceLink>https://wordpress.org/plugins/google-analyticator/changelog/</referenceLink><formalWay>用户可参考如下厂商提供的安全公告获取补丁以修复该漏洞：https://wordpress.org/plugins/google-analyticator/changelog/</formalWay><description>WordPress是WordPress软件基金会的一套使用PHP语言开发的博客平台，该平台支持在PHP和MySQL的服务器上架设个人博客网站。Google Analyticator是其中的一个Google分析插件。&#xD;
&#xD;
WordPress Google Analyticator插件6.4.9.6之前版本中存在跨站脚本漏洞。由于wp-admin/admin.php脚本未能充分过滤google-analyticator页面中的多个参数（ga_adsense，ga_admin_disable_DimentionIndex，ga_downloads_prefix，ga_downloads，ga_outbound_prefix）。远程攻击者可利用该漏洞注入任意Web脚本或HTML。</description><patchName>WordPress Google Analyticator插件跨站脚本漏洞的补丁</patchName><patchDescription>WordPress是WordPress软件基金会的一套使用PHP语言开发的博客平台，该平台支持在PHP和MySQL的服务器上架设个人博客网站。Google Analyticator是其中的一个Google分析插件。 &#xD;
&#xD;
WordPress Google Analyticator插件6.4.9.6之前版本中存在跨站脚本漏洞。由于wp-admin/admin.php脚本未能充分过滤google-analyticator页面中的多个参数（ga_adsense，ga_admin_disable_DimentionIndex，ga_downloads_prefix，ga_downloads，ga_outbound_prefix）。远程攻击者可利用该漏洞注入任意Web脚本或HTML。目前，供应商发布了安全公告及相关补丁信息，修复了此漏洞。</patchDescription></vulnerability><vulnerability><number>CNVD-2015-06265</number><cves><cve><cveNumber>CVE-2015-5603</cveNumber></cve></cves><title>Atlassian JIRA HipChat for JIRA插件代码注入漏洞</title><serverity>中</serverity><products><product>Atlassian HipChat &lt; 6.30.0</product></products><isEvent>通用软硬件漏洞</isEvent><submitTime>2015-09-25</submitTime><openTime>2015-09-29</openTime><discovererName>David Black</discovererName><referenceLink>https://confluence.atlassian.com/jira/jira-and-hipchat-for-jira-plugin-security-advisory-2015-08-26-776650785.html</referenceLink><formalWay>用户可参考如下厂商提供的安全公告获取补丁以修复该漏洞：&#xD;
https://confluence.atlassian.com/jira/jira-and-hipchat-for-jira-plugin-security-advisory-2015-08-26-776650785.html</formalWay><description>Atlassian JIRA是澳大利亚Atlassian公司的一套缺陷跟踪管理系统。该系统主要用于对工作中各类问题、缺陷进行跟踪管理。HipChat for JIRA是其中的一个实时协作插件。&#xD;
&#xD;
Atlassian JIRA HipChat for JIRA插件6.30.0之前版本中存在安全漏洞。远程攻击者可利用该漏洞执行任意Java代码。</description><patchName>Atlassian JIRA HipChat for JIRA插件代码注入漏洞的补丁</patchName><patchDescription>Atlassian JIRA是澳大利亚Atlassian公司的一套缺陷跟踪管理系统。该系统主要用于对工作中各类问题、缺陷进行跟踪管理。HipChat for JIRA是其中的一个实时协作插件。 &#xD;
&#xD;
Atlassian JIRA HipChat for JIRA插件6.30.0之前版本中存在安全漏洞。远程攻击者可利用该漏洞执行任意Java代码。目前，供应商发布了安全公告及相关补丁信息，修复了此漏洞。</patchDescription></vulnerability><vulnerability><number>CNVD-2015-06266</number><cves><cve><cveNumber>CVE-2015-7296</cveNumber></cve></cves><title>Securifi Almond中间人攻击漏洞</title><serverity>中</serverity><products><product>Securifi Almond </product></products><isEvent>通用软硬件漏洞</isEvent><submitTime>2015-09-25</submitTime><openTime>2015-09-29</openTime><discovererName>Joel Land of the CERT/CC</discovererName><referenceLink>http://www.kb.cert.org/vuls/id/906576</referenceLink><formalWay>目前没有详细的解决方案，请到厂商的主页下载：&#xD;
http://www.securifi.com</formalWay><description>Securifi Almond是Securifi公司的一款无线路由器产品。&#xD;
&#xD;
Securifi Almond存在中间人攻击漏洞。允许远程攻击者通过程序执行DNS查询时使用线性算法选择头部中的ID值伪造响应。</description></vulnerability><vulnerability><number>CNVD-2015-06267</number><cves><cve><cveNumber>CVE-2015-5637</cveNumber></cve></cves><title>Newphoria Photon应用程序身份验证绕过漏洞</title><serverity>中</serverity><products><product>Newphoria Corporation Photon for Android &lt;= 1.1</product></products><isEvent>通用软硬件漏洞</isEvent><submitTime>2015-09-25</submitTime><openTime>2015-09-29</openTime><discovererName>Kenta Suefusa and Tomonori Shiomi of Sprout Inc.</discovererName><referenceLink>http://jvndb.jvn.jp/jvndb/JVNDB-2015-000135&#xD;
http://jvn.jp/en/jp/JVN19948778/index.html</referenceLink><formalWay>目前没有详细的解决方案，请到厂商的主页下载：&#xD;
http://www.newphoria.com</formalWay><description>Newphoria Photon for Android是日本Newphoria公司的一套基于Android平台的灯光照明应用程序。&#xD;
&#xD;
Newphoria Photon application存在安全限制绕过漏洞。允许攻击者通过未明向量绕过URL白名单保护机制和取得API访问。</description></vulnerability><vulnerability><number>CNVD-2015-06268</number><cves><cve><cveNumber>CVE-2015-5633</cveNumber></cve></cves><title>Newphoria Auction Camera应用程序身份验证绕过漏洞</title><serverity>中</serverity><products><product>Newphoria Corporation Auction Camera for iOS </product><product>Newphoria Corporation Auction Camera for Android &lt;= 1.1</product></products><isEvent>通用软硬件漏洞</isEvent><submitTime>2015-09-25</submitTime><openTime>2015-09-29</openTime><discovererName>Kenta Suefusa and Tomonori Shiomi of Sprout Inc.</discovererName><referenceLink>http://jvn.jp/en/jp/JVN71815309/995707/index.html&#xD;
http://jvn.jp/en/jp/JVN71815309/index.html</referenceLink><formalWay>目前没有详细的解决方案，请到厂商的主页下载：&#xD;
http://www.newphoria.com</formalWay><description>Newphoria Auction Camerafor for iOS和Android是日本Newphoria公司的一套基于iOS和Android平台的在线视频预览和录像应用程序。&#xD;
&#xD;
Newphoria Auction Camera应用程序存在安全限制绕过漏洞。允许攻击者通过未明向量绕过 URL白名单保护机制和取得API访问。</description></vulnerability><vulnerability><number>CNVD-2015-06269</number><cves><cve><cveNumber>CVE-2015-5632</cveNumber></cve></cves><title>Newphoria applican framework身份验证绕过漏洞</title><serverity>中</serverity><products><product>Newphoria Corporation Applications built using applican for iOS &lt;= 1.12.1</product><product>Newphoria Corporation Applications built using applican for Android &lt;= 1.12.2</product></products><isEvent>通用软硬件漏洞</isEvent><submitTime>2015-09-25</submitTime><openTime>2015-09-29</openTime><discovererName>enta Suefusa and Tomonori Shiomi of Sprout Inc.</discovererName><referenceLink>http://jvndb.jvn.jp/jvndb/JVNDB-2015-000130&#xD;
http://jvndb.jvn.jp/en/contents/2015/JVNDB-2015-000130.html</referenceLink><formalWay>目前没有详细的解决方案，请到厂商的主页下载：&#xD;
http://www.newphoria.com</formalWay><description>Newphoria applican framework for Android和iOS是日本Newphoria公司的一套基于Android和iOS平台的应用程序开发框架。&#xD;
&#xD;
Newphoria applican framework存在身份验证绕过漏洞。允许攻击者通过未明向量绕过 whitelist.xml URL白名单保护机制和取得API访问。</description></vulnerability><vulnerability><number>CNVD-2015-06264</number><cves><cve><cveNumber>CVE-2015-7243</cveNumber></cve></cves><title>Boxoft WAV to MP3 Converter缓冲区溢出漏洞</title><serverity>高</serverity><products><product>Boxoft Co., Ltd. WAV to MP3 Converter </product></products><isEvent>通用软硬件漏洞</isEvent><submitTime>2015-09-25</submitTime><openTime>2015-09-29</openTime><discovererName>Robbie Corley</discovererName><referenceLink>https://www.exploit-db.com/exploits/38035/</referenceLink><formalWay>目前没有详细的解决方案，请到厂商的主页下载：&#xD;
http://www.boxoft.com</formalWay><description>Boxoft WAV to MP3 Converter是Boxoft公司的一套免费的音频转换工具。&#xD;
&#xD;
Boxoft WAV to MP3 Converter存在缓冲区溢出漏洞。允许远程攻击者通过精心编制的WAV文件导致拒绝服务并可能执行任意代码。</description></vulnerability><vulnerability><number>CNVD-2015-06263</number><cves><cve><cveNumber>CVE-2015-5827</cveNumber></cve></cves><title>Apple iOS同源策略绕过漏洞</title><serverity>中</serverity><products><product>Apple IOS &lt;9</product></products><isEvent>通用软硬件漏洞</isEvent><submitTime>2015-09-25</submitTime><openTime>2015-09-29</openTime><discovererName>Gildas</discovererName><referenceLink>http://lists.apple.com/archives/security-announce/2015/Sep/msg00001.html</referenceLink><formalWay>用户可参考如下厂商提供的安全公告获取补丁以修复该漏洞：&#xD;
http://lists.apple.com/archives/security-announce/2015/Sep/msg00001.html</formalWay><description>Apple iOS是由苹果公司开发的手持设备操作系统。&#xD;
&#xD;
Apple iOS存在同源策略绕过漏洞。允许远程攻击者通过自定义的事件消息绕过同源策略和获取对象引用。</description><patchName>Apple iOS同源策略绕过漏洞的补丁</patchName><patchDescription>Apple iOS是由苹果公司开发的手持设备操作系统。 &#xD;
&#xD;
Apple iOS存在同源策略绕过漏洞。允许远程攻击者通过自定义的事件消息绕过同源策略和获取对象引用。目前，供应商发布了安全公告及相关补丁信息，修复了此漏洞。</patchDescription></vulnerability><vulnerability><number>CNVD-2015-06262</number><cves><cve><cveNumber>CVE-2015-5826</cveNumber></cve></cves><title>Apple iOS同源策略绕过漏洞（CNVD-2015-06262）</title><serverity>中</serverity><products><product>Apple IOS &lt;9</product></products><isEvent>通用软硬件漏洞</isEvent><submitTime>2015-09-25</submitTime><openTime>2015-09-29</openTime><discovererName>filedescriptor, Chris Evans</discovererName><referenceLink>http://lists.apple.com/archives/security-announce/2015/Sep/msg00001.html</referenceLink><formalWay>用户可参考如下厂商提供的安全公告获取补丁以修复该漏洞：&#xD;
http://lists.apple.com/archives/security-announce/2015/Sep/msg00001.html</formalWay><description>Apple iOS是由苹果公司开发的手持设备操作系统。&#xD;
&#xD;
Apple iOS存在同源策略绕过漏洞。允许远程攻击者通过精心编制的web站点通过同源策略。</description><patchName>Apple iOS同源策略绕过漏洞（CNVD-2015-06262）的补丁</patchName><patchDescription>Apple iOS是由苹果公司开发的手持设备操作系统。 &#xD;
&#xD;
Apple iOS存在同源策略绕过漏洞。允许远程攻击者通过精心编制的web站点通过同源策略。目前，供应商发布了安全公告及相关补丁信息，修复了此漏洞。</patchDescription></vulnerability><vulnerability><number>CNVD-2015-06249</number><cves><cve><cveNumber>CVE-2015-5825</cveNumber></cve></cves><title>Apple iOS Safari信息泄露漏洞</title><serverity>中</serverity><products><product>Apple iPad &gt;=2</product><product>Apple iPhone &gt;= 4s&#xD;
</product><product>Apple iPod Touch &gt;= 5</product></products><isEvent>通用软硬件漏洞</isEvent><submitTime>2015-09-25</submitTime><openTime>2015-09-28</openTime><discovererName>Yossi Oren et al. of Columbia University's Network Security Lab</discovererName><referenceLink>http://lists.apple.com/archives/security-announce/2015/Sep/msg00001.html&#xD;
https://support.apple.com/zh-cn/HT205212</referenceLink><formalWay>用户可参考如下厂商提供的安全公告获取补丁以修复该漏洞：&#xD;
http://lists.apple.com/archives/security-announce/2015/Sep/msg00001.html</formalWay><description>Apple iOS是由苹果公司开发的手持设备操作系统。&#xD;
&#xD;
Apple iOS存在信息泄露漏洞，允许远程攻击者通过特制JavaScript代码利用该漏洞获取浏览器历史、鼠标移动或网络流量相关的敏感信息。</description><patchName>Apple iOS Safari信息泄露漏洞的补丁</patchName><patchDescription>Apple iOS是由苹果公司开发的手持设备操作系统。&#xD;
&#xD;
Apple iOS Safari信息泄露漏洞，允许远程攻击者通过特制JavaScript代码利用该漏洞获取浏览器历史、鼠标移动或网络流量相关的敏感信息。目前，供应商发布了安全公告及相关补丁信息，修复了此漏洞。</patchDescription></vulnerability><vulnerability><number>CNVD-2015-06239</number><cves><cve><cveNumber>CVE-2015-7226</cveNumber></cve></cves><title>Drupal Administration Views模块信息泄露漏洞</title><serverity>中</serverity><products><product>Drupal Administration Views Module 7.x-1.x(&lt;7.x-1.5)</product></products><isEvent>通用软硬件漏洞</isEvent><submitTime>2015-09-25</submitTime><openTime>2015-09-28</openTime><discovererName>Pere Orga of the Drupal Security Team</discovererName><referenceLink>https://www.drupal.org/node/2529378</referenceLink><formalWay>用户可参考如下厂商提供的安全公告获取补丁以修复该漏洞：&#xD;
https://www.drupal.org/node/2529378</formalWay><description>Drupal是一套用PHP语言开发的免费、开源的内容管理系统。Administration Views module for Drupal是Drupal的一个用于替换管理概述或列表页面的模块。&#xD;
&#xD;
Drupal Administration Views模块7.x-1.5之前7.x-1.x版本中存在安全漏洞，允许远程攻击者通过访问处理程序获取敏感信息。</description><patchName>Drupal Administration Views模块信息泄露漏洞的补丁</patchName><patchDescription>Drupal是一套用PHP语言开发的免费、开源的内容管理系统。Administration Views module for Drupal是Drupal的一个用于替换管理概述或列表页面的模块。&#xD;
Drupal Administration Views模块7.x-1.5之前7.x-1.x版本中存在安全漏洞，允许远程攻击者通过访问处理程序获取敏感信息。目前，供应商发布了安全公告及相关补丁信息，修复了此漏洞。</patchDescription></vulnerability><vulnerability><number>CNVD-2015-06357</number><bids><bid><bidNumber>76652</bidNumber></bid></bids><title>PHP ‘php_zip.c’目录遍历漏洞</title><serverity>中</serverity><products><product>PHP PHP </product></products><isEvent>通用软硬件漏洞</isEvent><submitTime>2015-09-27</submitTime><openTime>2015-09-29</openTime><discovererName>neal </discovererName><referenceLink>http://www.securityfocus.com/bid/76652</referenceLink><formalWay>用户可参考如下厂商提供的安全补丁以修复该漏洞：&#xD;
http://www.php.net/</formalWay><description>PHP是一种开源的通用计算机脚本语言。&#xD;
&#xD;
PHP ‘php_zip.c’存在目录遍历漏洞，允许远程攻击者利用漏洞提交特殊的目录遍历字符‘..’创建或覆盖任意文件。</description><patchName>PHP ‘php_zip.c’目录遍历漏洞的补丁</patchName><patchDescription>PHP是一种开源的通用计算机脚本语言。&#xD;
&#xD;
PHP ‘php_zip.c’存在目录遍历漏洞，允许远程攻击者利用漏洞提交特殊的目录遍历字符‘..’创建或覆盖任意文件。目前，供应商发布了安全公告及相关补丁信息，修复了此漏洞。</patchDescription></vulnerability><vulnerability><number>CNVD-2015-06361</number><title>Splunk跨站脚本漏洞（CNVD-2015-06361）</title><serverity>中</serverity><products><product>Splunk Splunk 6.2.6</product></products><isEvent>通用软硬件漏洞</isEvent><submitTime>2015-09-27</submitTime><openTime>2015-09-29</openTime><discovererName>unknown</discovererName><referenceLink>http://docs.splunk.com/Documentation/Splunk/6.2.6/ReleaseNotes/6.2.6</referenceLink><formalWay>用户可参考如下厂商提供的安全公告获取补丁以修复该漏洞：&#xD;
http://docs.splunk.com/Documentation/Splunk/6.2.6/ReleaseNotes/6.2.6</formalWay><description>Splunk是一套数据收集分析软件。该软件主要用于收集、索引和分析机器产生的数据，包括所有IT系统和基础结构生成的数据。&#xD;
&#xD;
Splunk存在跨站脚本漏洞，允许远程攻击者利用漏洞注入恶意脚本或HTML代码，当恶意数据被查看时，可获取敏感信息或劫持用户会话。</description><patchName>Splunk跨站脚本漏洞（CNVD-2015-06361）的补丁</patchName><patchDescription>Splunk是一套数据收集分析软件。该软件主要用于收集、索引和分析机器产生的数据，包括所有IT系统和基础结构生成的数据。&#xD;
&#xD;
Splunk存在跨站脚本漏洞，允许远程攻击者利用漏洞注入恶意脚本或HTML代码，当恶意数据被查看时，可获取敏感信息或劫持用户会话。目前，供应商发布了安全公告及相关补丁信息，修复了此漏洞。</patchDescription></vulnerability><vulnerability><number>CNVD-2015-06289</number><cves><cve><cveNumber>CVE-2015-4503</cveNumber></cve></cves><title>Mozilla Firefox TCP Socket API实现信息泄露漏洞</title><serverity>中</serverity><products><product>Mozilla Firefox &lt; 41.0</product></products><isEvent>通用软硬件漏洞</isEvent><submitTime>2015-09-27</submitTime><openTime>2015-09-30</openTime><discovererName>David Chan</discovererName><referenceLink>http://www.mozilla.org/security/announce/2015/mfsa2015-97.html</referenceLink><formalWay>用户可参考如下厂商提供的安全公告获取补丁以修复该漏洞：&#xD;
http://www.mozilla.org/security/announce/2015/mfsa2015-97.html</formalWay><description>Mozilla Firefox是一款开源Web浏览器。&#xD;
&#xD;
Mozilla Firefox TCP Socket API实现未能正确处理数组边界，允许远程攻击者利用漏洞通过读取数据包数据获取进程内存中的敏感信息。</description><patchName>Mozilla Firefox TCP Socket API实现信息泄露漏洞的补丁</patchName><patchDescription>Mozilla Firefox是一款开源Web浏览器。 &#xD;
&#xD;
Mozilla Firefox TCP Socket API实现未能正确处理数组边界，允许远程攻击者利用漏洞通过读取数据包数据获取进程内存中的敏感信息。目前，供应商发布了安全公告及相关补丁信息，修复了此漏洞。</patchDescription></vulnerability><vulnerability><number>CNVD-2015-06290</number><cves><cve><cveNumber>CVE-2015-4502</cveNumber></cve></cves><title>Mozilla Firefox js/src/proxy/Proxy.cpp限制绕过漏洞</title><serverity>中</serverity><products><product>Mozilla Firefox &lt; 41.0</product></products><isEvent>通用软硬件漏洞</isEvent><submitTime>2015-09-27</submitTime><openTime>2015-09-30</openTime><discovererName>André Bargull</discovererName><referenceLink>http://www.mozilla.org/security/announce/2015/mfsa2015-108.html</referenceLink><formalWay>用户可参考如下厂商提供的安全公告获取补丁以修复该漏洞：&#xD;
http://www.mozilla.org/security/announce/2015/mfsa2015-108.html</formalWay><description>Mozilla Firefox是一款开源Web浏览器。&#xD;
&#xD;
Mozilla Firefox js/src/proxy/Proxy.cpp文件未能正确处理‘receiver’参数。远程攻击者可利用漏洞绕过特定的窗口访问限制。</description><patchName>Mozilla Firefox js/src/proxy/Proxy.cpp限制绕过漏洞的补丁</patchName><patchDescription>Mozilla Firefox是一款开源Web浏览器。 &#xD;
&#xD;
Mozilla Firefox js/src/proxy/Proxy.cpp文件未能正确处理‘receiver’参数。远程攻击者可利用漏洞绕过特定的窗口访问限制。目前，供应商发布了安全公告及相关补丁信息，修复了此漏洞。</patchDescription></vulnerability><vulnerability><number>CNVD-2015-06291</number><cves><cve><cveNumber>CVE-2015-4501</cveNumber></cve></cves><title>Mozilla Firefox存在未明缓冲区溢出漏洞（CNVD-2015-06291）</title><serverity>高</serverity><products><product>Mozilla Firefox &lt; 41.0</product></products><isEvent>通用软硬件漏洞</isEvent><submitTime>2015-09-27</submitTime><openTime>2015-09-30</openTime><discovererName>Mozilla</discovererName><referenceLink>http://www.mozilla.org/security/announce/2015/mfsa2015-96.html</referenceLink><formalWay>用户可参考如下厂商提供的安全公告获取补丁以修复该漏洞：&#xD;
http://www.mozilla.org/security/announce/2015/mfsa2015-96.html</formalWay><description>Mozilla Firefox是一款开源Web浏览器。&#xD;
&#xD;
Mozilla Firefox存在未明缓冲区溢出漏洞，允许远程攻击者构建恶意WEB页，诱使用户解析，可使应用程序崩溃或执行任意代码。</description><patchName>Mozilla Firefox存在未明缓冲区溢出漏洞（CNVD-2015-06291）的补丁</patchName><patchDescription>Mozilla Firefox是一款开源Web浏览器。 &#xD;
&#xD;
Mozilla Firefox存在未明缓冲区溢出漏洞，允许远程攻击者构建恶意WEB页，诱使用户解析，可使应用程序崩溃或执行任意代码。目前，供应商发布了安全公告及相关补丁信息，修复了此漏洞。</patchDescription></vulnerability><vulnerability><number>CNVD-2015-06288</number><cves><cve><cveNumber>CVE-2015-4500</cveNumber></cve></cves><title>Mozilla Firefox存在未明缓冲区溢出漏洞</title><serverity>高</serverity><products><product>Mozilla Firefox &lt; 41.0</product><product>Mozilla Firefox ESR 38.x(&lt;38.3)&#xD;
</product></products><isEvent>通用软硬件漏洞</isEvent><submitTime>2015-09-27</submitTime><openTime>2015-09-30</openTime><discovererName>Mozilla</discovererName><referenceLink>http://www.mozilla.org/security/announce/2015/mfsa2015-96.html</referenceLink><formalWay>用户可参考如下厂商提供的安全公告获取补丁以修复该漏洞：&#xD;
http://www.mozilla.org/security/announce/2015/mfsa2015-96.html</formalWay><description>Mozilla Firefox是一款开源Web浏览器。&#xD;
&#xD;
Mozilla Firefox存在未明缓冲区溢出漏洞，允许远程攻击者构建恶意WEB页，诱使用户解析，可使应用程序崩溃或执行任意代码。</description><patchName>Mozilla Firefox存在未明缓冲区溢出漏洞的补丁</patchName><patchDescription>Mozilla Firefox是一款开源Web浏览器。 &#xD;
&#xD;
Mozilla Firefox存在未明缓冲区溢出漏洞，允许远程攻击者构建恶意WEB页，诱使用户解析，可使应用程序崩溃或执行任意代码。目前，供应商发布了安全公告及相关补丁信息，修复了此漏洞。</patchDescription></vulnerability><vulnerability><number>CNVD-2015-06287</number><cves><cve><cveNumber>CVE-2015-4476</cveNumber></cve></cves><title>Mozilla Firefox地址栏伪造漏洞（CNVD-2015-06287）</title><serverity>中</serverity><products><product>Mozilla Firefox &lt; 41.0</product></products><isEvent>通用软硬件漏洞</isEvent><submitTime>2015-09-27</submitTime><openTime>2015-09-30</openTime><discovererName>Jordi Chancel</discovererName><referenceLink>http://www.mozilla.org/security/announce/2015/mfsa2015-99.html</referenceLink><formalWay>用户可参考如下厂商提供的安全公告获取补丁以修复该漏洞：&#xD;
http://www.mozilla.org/security/announce/2015/mfsa2015-99.html</formalWay><description>Mozilla Firefox是一款开源Web浏览器。&#xD;
&#xD;
Mozilla Firefox存在未明安全漏洞，允许远程攻击者构建恶意WEB页，诱使用户解析，可伪造地址栏属性。</description><patchName>Mozilla Firefox地址栏伪造漏洞（CNVD-2015-06287）的补丁</patchName><patchDescription>Mozilla Firefox是一款开源Web浏览器。 &#xD;
&#xD;
Mozilla Firefox存在未明安全漏洞，允许远程攻击者构建恶意WEB页，诱使用户解析，可伪造地址栏属性。目前，供应商发布了安全公告及相关补丁信息，修复了此漏洞。</patchDescription></vulnerability><vulnerability><number>CNVD-2015-06285</number><cves><cve><cveNumber>CVE-2015-7176</cveNumber></cve></cves><title>Mozilla Firefox和Firefox ESR ‘AnimationThread’函数缓冲区溢出漏洞</title><serverity>高</serverity><products><product>Mozilla Firefox &lt; 41.0</product><product>Mozilla Firefox ESR 38.x(&lt;38.3)&#xD;
</product></products><isEvent>通用软硬件漏洞</isEvent><submitTime>2015-09-27</submitTime><openTime>2015-09-30</openTime><discovererName>Ronald Crane</discovererName><referenceLink>http://www.mozilla.org/security/announce/2015/mfsa2015-112.html</referenceLink><formalWay>用户可参考如下厂商提供的安全公告获取补丁以修复该漏洞：&#xD;
http://www.mozilla.org/security/announce/2015/mfsa2015-112.html</formalWay><description>Mozilla Firefox是一款开源Web浏览器。&#xD;
&#xD;
Mozilla Firefox ‘AnimationThread’函数存在缓冲区溢出漏洞，允许攻击者构建恶意WEB页，诱使用户解析，可使应用程序崩溃或执行任意代码。</description><patchName>Mozilla Firefox和Firefox ESR ‘AnimationThread’函数缓冲区溢出漏洞的补丁</patchName><patchDescription>Mozilla Firefox是一款开源Web浏览器。 &#xD;
&#xD;
Mozilla Firefox ‘AnimationThread’函数存在缓冲区溢出漏洞，允许攻击者构建恶意WEB页，诱使用户解析，可使应用程序崩溃或执行任意代码。目前，供应商发布了安全公告及相关补丁信息，修复了此漏洞。</patchDescription></vulnerability><vulnerability><number>CNVD-2015-06286</number><cves><cve><cveNumber>CVE-2015-7175</cveNumber></cve></cves><title>Mozilla Firefox和Firefox ESR ‘XULContentSinkImpl::AddText’函数缓冲区溢出漏洞</title><serverity>高</serverity><products><product>Mozilla Firefox &lt; 41.0</product><product>Mozilla Firefox ESR 38.x(&lt;38.3)&#xD;
</product></products><isEvent>通用软硬件漏洞</isEvent><submitTime>2015-09-27</submitTime><openTime>2015-09-30</openTime><discovererName>Ronald Crane</discovererName><referenceLink>http://www.mozilla.org/security/announce/2015/mfsa2015-112.html</referenceLink><formalWay>用户可参考如下厂商提供的安全公告获取补丁以修复该漏洞：&#xD;
http://www.mozilla.org/security/announce/2015/mfsa2015-112.html</formalWay><description>Mozilla Firefox是一款开源Web浏览器。&#xD;
&#xD;
Mozilla Firefox ‘XULContentSinkImpl::AddText’函数存在缓冲区溢出漏洞，允许攻击者构建恶意WEB页，诱使用户解析，可使应用程序崩溃或执行任意代码。</description><patchName>Mozilla Firefox和Firefox ESR ‘XULContentSinkImpl::AddText’函数缓冲区溢出漏洞的补丁</patchName><patchDescription>Mozilla Firefox是一款开源Web浏览器。 &#xD;
&#xD;
Mozilla Firefox ‘XULContentSinkImpl::AddText’函数存在缓冲区溢出漏洞，允许攻击者构建恶意WEB页，诱使用户解析，可使应用程序崩溃或执行任意代码。目前，供应商发布了安全公告及相关补丁信息，修复了此漏洞。</patchDescription></vulnerability><vulnerability><number>CNVD-2015-06284</number><cves><cve><cveNumber>CVE-2015-7174</cveNumber></cve></cves><title>Mozilla Firefox和Firefox ESR ‘nsAttrAndChildArray::GrowBy’函数缓冲区溢出漏洞</title><serverity>高</serverity><products><product>Mozilla Firefox &lt; 41.0</product><product>Mozilla Firefox ESR 38.x(&lt;38.3)&#xD;
</product></products><isEvent>通用软硬件漏洞</isEvent><submitTime>2015-09-27</submitTime><openTime>2015-09-30</openTime><discovererName>Ronald Crane</discovererName><referenceLink>http://www.mozilla.org/security/announce/2015/mfsa2015-112.html</referenceLink><formalWay>用户可参考如下厂商提供的安全公告获取补丁以修复该漏洞：&#xD;
http://www.mozilla.org/security/announce/2015/mfsa2015-112.html</formalWay><description>Mozilla Firefox是一款开源Web浏览器。&#xD;
&#xD;
Mozilla Firefox ‘nsAttrAndChildArray::GrowBy’函数存在缓冲区溢出漏洞，允许攻击者构建恶意WEB页，诱使用户解析，可使应用程序崩溃或执行任意代码。</description><patchName>Mozilla Firefox和Firefox ESR ‘nsAttrAndChildArray::GrowBy’函数缓冲区溢出漏洞的补丁</patchName><patchDescription>Mozilla Firefox是一款开源Web浏览器。 &#xD;
&#xD;
Mozilla Firefox ‘nsAttrAndChildArray::GrowBy’函数存在缓冲区溢出漏洞，允许攻击者构建恶意WEB页，诱使用户解析，可使应用程序崩溃或执行任意代码。目前，供应商发布了安全公告及相关补丁信息，修复了此漏洞。</patchDescription></vulnerability><vulnerability><number>CNVD-2015-06283</number><cves><cve><cveNumber>CVE-2015-4522</cveNumber></cve></cves><title>Mozilla Firefox和Firefox ESR ‘nsUnicodeToUTF8::GetMaxLength’函数缓冲区溢出漏洞</title><serverity>高</serverity><products><product>Mozilla Firefox &lt; 41.0</product><product>Mozilla Firefox ESR 38.x(&lt;38.3)&#xD;
</product></products><isEvent>通用软硬件漏洞</isEvent><submitTime>2015-09-27</submitTime><openTime>2015-09-30</openTime><discovererName>Ronald Crane</discovererName><referenceLink>http://www.mozilla.org/security/announce/2015/mfsa2015-112.html</referenceLink><formalWay>用户可参考如下厂商提供的安全公告获取补丁以修复该漏洞：&#xD;
http://www.mozilla.org/security/announce/2015/mfsa2015-112.html</formalWay><description>Mozilla Firefox是一款开源Web浏览器。&#xD;
&#xD;
Mozilla Firefox ‘nsUnicodeToUTF8::GetMaxLength’函数存在缓冲区溢出漏洞，允许攻击者构建恶意WEB页，诱使用户解析，可使应用程序崩溃或执行任意代码。</description><patchName>Mozilla Firefox和Firefox ESR ‘nsUnicodeToUTF8::GetMaxLength’函数缓冲区溢出漏洞的补丁</patchName><patchDescription>Mozilla Firefox是一款开源Web浏览器。 &#xD;
&#xD;
Mozilla Firefox ‘nsUnicodeToUTF8::GetMaxLength’函数存在缓冲区溢出漏洞，允许攻击者构建恶意WEB页，诱使用户解析，可使应用程序崩溃或执行任意代码。目前，供应商发布了安全公告及相关补丁信息，修复了此漏洞。</patchDescription></vulnerability><vulnerability><number>CNVD-2015-06282</number><cves><cve><cveNumber>CVE-2015-4521</cveNumber></cve></cves><title>Mozilla Firefox和Firefox ESR ‘ConvertDialogOptions’函数缓冲区溢出漏洞</title><serverity>高</serverity><products><product>Mozilla Firefox &lt; 41.0</product><product>Mozilla Firefox ESR 38.x(&lt;38.3)&#xD;
</product></products><isEvent>通用软硬件漏洞</isEvent><submitTime>2015-09-27</submitTime><openTime>2015-09-30</openTime><discovererName>Ronald Crane</discovererName><referenceLink>http://www.mozilla.org/security/announce/2015/mfsa2015-112.html</referenceLink><formalWay>用户可参考如下厂商提供的安全公告获取补丁以修复该漏洞：&#xD;
http://www.mozilla.org/security/announce/2015/mfsa2015-112.html</formalWay><description>Mozilla Firefox是一款开源Web浏览器。&#xD;
&#xD;
Mozilla Firefox ‘ConvertDialogOptions’函数存在缓冲区溢出漏洞，允许攻击者构建恶意WEB页，诱使用户解析，可使应用程序崩溃或执行任意代码。</description><patchName>Mozilla Firefox和Firefox ESR ‘ConvertDialogOptions’函数缓冲区溢出漏洞的补丁</patchName><patchDescription>Mozilla Firefox是一款开源Web浏览器。 &#xD;
&#xD;
Mozilla Firefox ‘ConvertDialogOptions’函数存在缓冲区溢出漏洞，允许攻击者构建恶意WEB页，诱使用户解析，可使应用程序崩溃或执行任意代码。目前，供应商发布了安全公告及相关补丁信息，修复了此漏洞。</patchDescription></vulnerability><vulnerability><number>CNVD-2015-06281</number><cves><cve><cveNumber>CVE-2015-4520</cveNumber></cve></cves><title>Mozilla Firefox和Firefox ESR CORS预检保护机制绕过漏洞</title><serverity>中</serverity><products><product>Mozilla Firefox &lt; 41.0</product><product>Mozilla Firefox ESR 38.x(&lt;38.3)&#xD;
</product></products><isEvent>通用软硬件漏洞</isEvent><submitTime>2015-09-27</submitTime><openTime>2015-09-30</openTime><discovererName>Ehsan Akhgari</discovererName><referenceLink>http://www.mozilla.org/security/announce/2015/mfsa2015-111.html</referenceLink><formalWay>用户可参考如下厂商提供的安全公告获取补丁以修复该漏洞：&#xD;
http://www.mozilla.org/security/announce/2015/mfsa2015-111.html</formalWay><description>Mozilla Firefox是一款开源Web浏览器。&#xD;
&#xD;
Mozilla Firefox存在安全漏洞，允许攻击者可通过生成复制的cache-key并在未能正确的HTTP Access-Control-*响应头中检索值，绕过CORS预检保护机制。</description><patchName>Mozilla Firefox和Firefox ESR CORS预检保护机制绕过漏洞的补丁</patchName><patchDescription>Mozilla Firefox是一款开源Web浏览器。 &#xD;
&#xD;
Mozilla Firefox存在安全漏洞，允许攻击者可通过生成复制的cache-key并在未能正确的HTTP Access-Control-*响应头中检索值，绕过CORS预检保护机制。目前，供应商发布了安全公告及相关补丁信息，修复了此漏洞。</patchDescription></vulnerability><vulnerability><number>CNVD-2015-06280</number><cves><cve><cveNumber>CVE-2015-4519</cveNumber></cve></cves><title>Mozilla Firefox和Firefox ESR信息泄露漏洞</title><serverity>中</serverity><products><product>Mozilla Firefox &lt; 41.0</product><product>Mozilla Firefox ESR 38.x(&lt;38.3)&#xD;
</product></products><isEvent>通用软硬件漏洞</isEvent><submitTime>2015-09-27</submitTime><openTime>2015-09-30</openTime><discovererName>Mario Gomes</discovererName><referenceLink>http://www.mozilla.org/security/announce/2015/mfsa2015-110.html</referenceLink><formalWay>用户可参考如下厂商提供的安全公告获取补丁以修复该漏洞：&#xD;
http://www.mozilla.org/security/announce/2015/mfsa2015-110.html</formalWay><description>Mozilla Firefox是一款开源Web浏览器。&#xD;
&#xD;
Mozilla Firefox存在安全漏洞，允许远程攻击者可通过在对之前下载的图像执行drag-and-drop操作后运行特制的JavaScript代码，可绕过既定的访问限制，发现重定向的目标URL。</description><patchName>Mozilla Firefox和Firefox ESR信息泄露漏洞的补丁</patchName><patchDescription>Mozilla Firefox是一款开源Web浏览器。 &#xD;
&#xD;
Mozilla Firefox存在安全漏洞，允许远程攻击者可通过在对之前下载的图像执行drag-and-drop操作后运行特制的JavaScript代码，可绕过既定的访问限制，发现重定向的目标URL。目前，供应商发布了安全公告及相关补丁信息，修复了此漏洞。</patchDescription></vulnerability></vulnerabilitys>
