<?xml version="1.0" encoding="UTF-8"?>
<vulnerabilitys><vulnerability><number>CNVD-2017-21310</number><title>万达信息食品安全信息追溯系统存在任意密码重置和后台任意文件上传漏洞</title><serverity>高</serverity><products><product>万达信息股份有限公司 万达信息食品安全信息追溯系统 </product></products><isEvent>通用软硬件漏洞</isEvent><submitTime>2017-08-15</submitTime><openTime>2017-10-02</openTime><discovererName>dogboy</discovererName><formalWay>厂商尚未提供漏洞修复方案，请关注厂商主页及时更新：&#xD;
http://www.safe517.com/</formalWay><description>万达信息食品安全信息追溯系统是一款对食品企业质量安全数据的分析与处理，实现信息公示、公众查询、诊断预警、质量投诉等功能平台。&#xD;
&#xD;
万达信息食品安全信息追溯系统存在任意密码重置和后台任意文件上传漏洞，攻击者可利用该漏洞重置任意用户密码，上传任意文件，或获取管理权限。</description></vulnerability><vulnerability><number>CNVD-2017-25263</number><title>创源科技APP安卓版存在验证码绕过漏洞</title><serverity>中</serverity><products><product>上海创源科技发展有限公司 创源科技APP 安卓版</product></products><isEvent>通用软硬件漏洞</isEvent><submitTime>2017-08-16</submitTime><openTime>2017-10-02</openTime><discovererName>曲终人散</discovererName><formalWay>厂商尚未提供漏洞修复方案，请关注厂商主页及时更新：&#xD;
http://www.innospring.net/</formalWay><description>创源科技APP是一款集合智慧物业、智能停车、智慧家居、智能楼控、绿色能源管理等智慧园区解决方案，旨在为园区各类用户打造智慧化的办公体验和生活体验的服务类软件。&#xD;
&#xD;
创源科技APP安卓版存在验证码绕过漏洞，攻击者利用该漏洞获取用户敏感信息。</description><patchName>创源科技安卓APP存在验证码绕过漏洞</patchName><patchDescription>已由CNVD通过软件生产厂商公开联系渠道向其邮件通报，由其后续提供解决方案并协调相关用户单位处置。&#xD;
</patchDescription></vulnerability><vulnerability><number>CNVD-2017-26308</number><title>山东政务服务APP安卓版存在短信轰炸漏洞</title><serverity>中</serverity><products><product>北京国信大汉科技有限公司 山东政务服务APP 安卓版</product></products><isEvent>通用软硬件漏洞</isEvent><submitTime>2017-08-17</submitTime><openTime>2017-10-02</openTime><discovererName>曲终人散</discovererName><formalWay>厂商尚未提供漏洞修复方案，请关注厂商主页及时更新：&#xD;
http://www.hanweb.com</formalWay><description>山东政务服务APP是一款由山东政府办公厅倾力打造政务信息软件。该软件能够及时发布山东政务服务的最新信息，支持个性化订阅、全文检索功能，为公众提供更快捷的服务。&#xD;
&#xD;
山东政务服务APP安卓版存在短信轰炸漏洞，攻击者可利用漏洞可无限制发送验证码短信对客户端进行短信轰炸。</description></vulnerability><vulnerability><number>CNVD-2017-26307</number><title>山东政务服务APP安卓版存在逻辑漏洞</title><serverity>中</serverity><products><product>北京国信大汉科技有限公司 山东政务服务APP 安卓版</product></products><isEvent>通用软硬件漏洞</isEvent><submitTime>2017-08-17</submitTime><openTime>2017-10-02</openTime><discovererName>曲终人散</discovererName><formalWay>厂商尚未提供漏洞修复方案，请关注厂商主页及时更新：&#xD;
http://www.hanweb.com</formalWay><description>山东政务服务APP是一款由山东政府办公厅倾力打造政务信息软件。该软件能够及时发布山东政务服务的最新信息，支持个性化订阅、全文检索功能，为公众提供更快捷的服务。&#xD;
&#xD;
山东政务服务APP安卓版存在逻辑漏洞，攻击者通过手机号即可重置任意用户密码，查看绑定的个人办理等敏感信息。</description></vulnerability><vulnerability><number>CNVD-2017-26306</number><title>山东政务服务App安卓版存在越权访问漏洞</title><serverity>中</serverity><products><product>北京国信大汉科技有限公司 山东政务服务APP 安卓版</product></products><isEvent>通用软硬件漏洞</isEvent><submitTime>2017-08-17</submitTime><openTime>2017-10-02</openTime><discovererName>曲终人散</discovererName><formalWay>厂商尚未提供漏洞修复方案，请关注厂商主页及时更新：&#xD;
http://www.hanweb.com</formalWay><description>山东政务服务APP是一款由山东政府办公厅倾力打造政务信息软件。该软件能够及时发布山东政务服务的最新信息，支持个性化订阅、全文检索功能，为公众提供更快捷的服务。&#xD;
&#xD;
山东政务服务App安卓版存在越权访问漏洞，攻击者通过抓包、修改UID的方式，越权查看绑定的个人办理（包括举报事件）等敏感信息。</description></vulnerability><vulnerability><number>CNVD-2017-26291</number><title> 74cms ResumeController.class.php页面resume_list函数存在SQL注入漏洞</title><serverity>高</serverity><products><product>太原迅易科技有限公司 74cms &lt;=V4.1.24</product></products><isEvent>通用软硬件漏洞</isEvent><submitTime>2017-08-17</submitTime><openTime>2017-10-02</openTime><discovererName>404notfound</discovererName><formalWay>厂商尚未提供修复方案，请关注厂商主页更新：&#xD;
http://www.74cms.com/</formalWay><description>74cms是一项基于PHP+MYSQL为核心开发的一套免费 + 开源专业人才招聘系统。&#xD;
&#xD;
74cms ResumeController.class.php页面resume_list函数存在SQL注入漏洞。攻击者可利用该漏洞获取数据库敏感信息。 </description></vulnerability><vulnerability><number>CNVD-2017-26290</number><title>Duxcms后台存在多个漏洞</title><serverity>高</serverity><products><product>成都海之螺科技有限公司 Duxcms v1.1.0</product></products><isEvent>通用软硬件漏洞</isEvent><submitTime>2017-08-17</submitTime><openTime>2017-10-02</openTime><discovererName>苏宸</discovererName><formalWay>厂商尚未提供漏洞修补方案，请关注厂商主页及时更新：&#xD;
http://www.duxcms.com/</formalWay><description>DuxCms是一款采用PHP开发,基于HMVC规则开发适合中小企业、公司、新闻、个人等相关行业的网站内容管理。&#xD;
&#xD;
Duxcms后台-表单-留言本存在跨站脚本和SQL注入漏洞。该漏洞由于系统id参数未对用户提交的数据进行过滤，攻击者可在页面中插入恶意js代码，获得用户cookie等信息，导致用户被劫持；获取数据库敏感信息。</description></vulnerability><vulnerability><number>CNVD-2017-25065</number><title>今日操盘阿里云OSS凭证存在信息泄露漏洞</title><serverity>中</serverity><products><product>杭州智豚信息科技有限公司 今日操盘 1.3.3</product></products><isEvent>通用软硬件漏洞</isEvent><submitTime>2017-08-18</submitTime><openTime>2017-10-02</openTime><discovererName>pangu</discovererName><formalWay>厂商尚未提供漏洞修复方案，请关注厂商主页及时更新：&#xD;
http://www.jinricaopan.com/</formalWay><description>今日操盘是一款实用的金融理财类手机应用，用户通过该软件能够便捷的随时了解贵金属的交易行情、资讯，轻松理财，高效赚钱。阿里云对象存储服务Object Storage Service,简称OSS，是阿里云对外提供的海量、安全和高可靠的云存储服务。 &#xD;
&#xD;
今日操盘阿里云OSS凭证存在信息泄露漏洞。漏洞是由于在使用SDK时，将accessKeyId和accessKeySecret、endpoint内置在移动应用中，导致凭证泄露。攻击者可使用此凭证利用该漏洞获取其云存储的数据，完全控制其云存储。</description><patchName>今日操盘阿里云OSS凭证存在信息泄露漏洞</patchName><patchDescription>已由CNVD通过软件生产厂商公开联系渠道向其邮件通报，由其后续提供解决方案并协调相关用户单位处置。</patchDescription></vulnerability><vulnerability><number>CNVD-2017-26309</number><title>360杀毒存在堆溢出漏洞</title><serverity>中</serverity><products><product>北京奇虎科技有限公司 360杀毒 5.0.0.8061 正式版</product><product>北京奇虎科技有限公司 360杀毒 5.0.1.8012 抢鲜版</product></products><isEvent>通用软硬件漏洞</isEvent><submitTime>2017-08-18</submitTime><openTime>2017-10-02</openTime><discovererName>韩哲</discovererName><formalWay>厂商已在9月30日提供了修复更新版本，请关注厂商主页及时更新： &#xD;
http://sd.360.cn/</formalWay><description>360杀毒是一款免费的云安全杀毒软件。&#xD;
&#xD;
360杀毒存在堆溢出漏洞，攻击者可利用该漏洞导致扫描引擎终止，造成拒绝服务，或执行远程代码攻击。</description><patchName>360杀毒软件堆溢出存在拒绝服务漏洞的补丁</patchName><patchDescription>已由CNVD通过软件生产厂商公开联系渠道向其邮件通报，由其后续提供解决方案并协调相关用户单位处置。&#xD;
</patchDescription></vulnerability><vulnerability><number>CNVD-2017-25272</number><title>海康网络摄像头图像设置接口存在未授权操作漏洞</title><serverity>中</serverity><products><product>杭州海康威视数字技术股份有限公司 DS-5C-I V5.3.0 build 150513</product><product>杭州海康威视数字技术股份有限公司 DS-2CD2710F-1 V5.3.0 build 150513</product></products><isEvent>通用软硬件漏洞</isEvent><submitTime>2017-08-18</submitTime><openTime>2017-10-02</openTime><discovererName>北京启明星辰信息安全技术有限公司</discovererName><formalWay>厂商尚未提供漏洞修补方案，请关注厂商主页及时更新：&#xD;
http://www.hikvision.com</formalWay><description>Hikvision DS-2CD2710F-I、DS-5C-I Series是中国海康威视（Hikvision）公司研发的网络摄像头产品。 &#xD;
&#xD;
海康网络摄像头图像设置接口存在未授权操作漏洞，在接收和处理时未能对参数合法性进行校验。攻击者可利用该漏洞执行未授权操作。</description><patchName>海康网络摄像头存在越权访问漏洞</patchName><patchDescription>已经转由CNCERT下发给浙江分中心,由其后续协调网站管理单位处置.</patchDescription></vulnerability><vulnerability><number>CNVD-2017-25035</number><title>徐州金桥网络有限公司网站建站系统存在SQL注入漏洞</title><serverity>高</serverity><products><product>徐州金桥网络有限公司 金桥网络建站系统 </product></products><isEvent>通用软硬件漏洞</isEvent><submitTime>2017-08-18</submitTime><openTime>2017-10-02</openTime><discovererName>谷家腾</discovererName><formalWay>厂商尚未提供漏洞修复方案，请关注厂商主页及时更新：&#xD;
http://www.xzjq.net/</formalWay><description>金桥网络是一款网站建站系统。&#xD;
&#xD;
徐州金桥网络有限公司网站建站系统存在SQL注入漏洞，攻击者可利用该漏洞获取数据库敏感信息。</description><patchName>金桥网络建站系统存在SQL注入漏洞</patchName><patchDescription>已由CNVD通过软件生产厂商公开联系渠道向其邮件通报，由其后续提供修复方案。同时，将相关案例下发给对应的CNCERT分中心，由其后续协调网站管理单位处置．</patchDescription></vulnerability><vulnerability><number>CNVD-2017-25271</number><title>小微OA v2.0存在SQL注入漏洞</title><serverity>高</serverity><products><product>北京小微帮科技有限公司 小微OA系统 v2.0</product></products><isEvent>通用软硬件漏洞</isEvent><submitTime>2017-08-18</submitTime><openTime>2017-10-02</openTime><discovererName>艾婉冲</discovererName><formalWay>厂商尚未提供漏洞修补方案，请关注厂商主页及时更新：&#xD;
http://www.smeoa.com</formalWay><description>小微OA系统是北京小微帮科技有限公司为小微企业提供移动办公平台。&#xD;
&#xD;
小微OA v2.0存在SQL注入漏洞，攻击者可利用该漏洞获取数据库敏感信息。</description></vulnerability><vulnerability><number>CNVD-2017-25270</number><title>北京小微帮科技有限公司小微OA系统存在SQL注入漏洞</title><serverity>中</serverity><products><product>北京小微帮科技有限公司 小微OA系统 v2.0</product></products><isEvent>通用软硬件漏洞</isEvent><submitTime>2017-08-18</submitTime><openTime>2017-10-02</openTime><discovererName>艾婉冲</discovererName><formalWay>厂商尚未提供漏洞修补方案，请关注厂商主页及时更新： &#xD;
http://www.smeoa.com/company/</formalWay><description>小微OA系统是北京小微帮科技有限公司为小微企业提供移动办公平台。&#xD;
&#xD;
北京小微帮科技有限公司小微OA系统存在SQL注入漏洞，攻击者可利用该漏洞获取数据库敏感信息。</description><patchName>北京小微帮科技有限公司小微OA系统存在SQL注入漏洞</patchName><patchDescription>已由CNVD通过软件生产厂商公开联系渠道向其电话及邮件通报，由其后续提供解决方案并协调相关用户单位处置。</patchDescription></vulnerability><vulnerability><number>CNVD-2017-25034</number><title>海康威视存在设计逻辑漏洞</title><serverity>中</serverity><products><product>杭州海康威视数字技术股份有限公司 DS-5C-I V5.3.0 build 150513</product><product>杭州海康威视数字技术股份有限公司 DS-2CD2710F-1 V5.3.0 build 150513</product></products><isEvent>通用软硬件漏洞</isEvent><submitTime>2017-08-18</submitTime><openTime>2017-10-02</openTime><discovererName>北京启明星辰信息安全技术有限公司</discovererName><formalWay>厂商尚未提供漏洞修补方案，请关注厂商主页及时更新： &#xD;
http://www.hikvision.com</formalWay><description>Hikvision DS-2CD2710F-I、DS-5C-I Series是中国海康威视（Hikvision）公司研发的网络摄像头产品。 &#xD;
&#xD;
海康威视存在设计逻辑漏洞，在接收和处理标准参数时未能对错误参数进行正确较验。攻击者可利用漏洞造成设备重启。</description></vulnerability><vulnerability><number>CNVD-2017-25607</number><title>妙思™文献管理系统存在SQL注入漏洞</title><serverity>高</serverity><products><product>大连网信软件有限公司 妙思™文献管理系统 V6.5</product></products><isEvent>通用软硬件漏洞</isEvent><submitTime>2017-08-21</submitTime><openTime>2017-10-05</openTime><discovererName>杜家昂-北京国舜科技股份有限公司</discovererName><formalWay>厂商尚未提供漏洞修复方案，请关注厂商主页及时更新：&#xD;
http://www.ni-soft.com</formalWay><description>妙思™文献管理系统是一款以Windows或UNIX/Linux平台上的专业数据库作为后台数据存储图书馆管理提平台。 &#xD;
&#xD;
妙思™文献管理系统存在SQL注入漏洞，攻击者可利用该漏洞获取数据库信息。</description></vulnerability><vulnerability><number>CNVD-2017-25606</number><title>妙思™文献管理系统存在跨站脚本漏洞</title><serverity>中</serverity><products><product>大连网信软件有限公司 妙思™文献管理系统 V6.5</product></products><isEvent>通用软硬件漏洞</isEvent><submitTime>2017-08-21</submitTime><openTime>2017-10-05</openTime><discovererName>杜家昂-北京国舜科技股份有限公司</discovererName><formalWay>厂商尚未提供漏洞修复方案，请关注厂商主页及时更新：&#xD;
http://www.ni-soft.com</formalWay><description>妙思™文献管理系统是一款以Windows或UNIX/Linux平台上的专业数据库作为后台数据存储图书馆管理提平台。 &#xD;
&#xD;
妙思™文献管理系统存在跨站脚本漏洞，远程攻击者可利用该漏洞向Web UI中注入任意JavaScript代码。</description></vulnerability><vulnerability><number>CNVD-2017-25614</number><title>小微OA v2.0存在SQL注入漏洞</title><serverity>高</serverity><products><product>北京小微帮科技有限公司 小微OA系统 v2.0</product></products><isEvent>通用软硬件漏洞</isEvent><submitTime>2017-08-21</submitTime><openTime>2017-10-05</openTime><discovererName>艾婉冲</discovererName><formalWay>厂商尚未提供漏洞修补方案，请关注厂商主页及时更新：&#xD;
http://www.smeoa.com</formalWay><description>小微OA系统是北京小微帮科技有限公司为小微企业提供移动办公平台。&#xD;
&#xD;
小微OA v2.0存在SQL注入漏洞，攻击者可利用该漏洞获取数据库敏感信息。</description></vulnerability><vulnerability><number>CNVD-2017-25527</number><title>妙思™文献管理系统/qkshowmarc/show_xk.asp文件存在SQL注入漏洞</title><serverity>高</serverity><products><product>大连网信软件有限公司 妙思™文献管理系统 V6.5</product></products><isEvent>通用软硬件漏洞</isEvent><submitTime>2017-08-21</submitTime><openTime>2017-10-05</openTime><discovererName>杜家昂-北京国舜科技股份有限公司</discovererName><formalWay>厂商尚未提供漏洞修复方案，请关注厂商主页及时更新：&#xD;
http://www.ni-soft.com</formalWay><description>妙思™文献管理系统是一款以Windows或UNIX/Linux平台上的专业数据库作为后台数据存储图书馆管理提平台。&#xD;
&#xD;
妙思™文献管理系统/qkshowmarc/show_xk.asp文件Qkxxbid参数存在SQL注入漏洞，攻击者可利用该漏洞获取数据库信息。</description><patchName>妙思文献管理系统存在SQL注入与反射型XSS漏洞</patchName><patchDescription>已由CNVD通过软件生产厂商公开联系渠道向其电话及邮件通报，由其后续提供解决方案并协调相关用户单位处置。</patchDescription></vulnerability><vulnerability><number>CNVD-2017-26611</number><title>北京中视文广科技有限公司无限流媒体系统（AMS）存在跨站脚本漏洞</title><serverity>中</serverity><products><product>朗讯科技（中国）有限公司 AnyMedia系统 </product></products><isEvent>通用软硬件漏洞</isEvent><submitTime>2017-08-21</submitTime><openTime>2017-10-05</openTime><discovererName>袁健威</discovererName><formalWay>厂商尚未提供漏洞修补方案，请关注厂商主页及时更新：&#xD;
http://www.cctvmg.com/</formalWay><description>无限流媒体系统（AMS）是一套完整的基于IP网络的音视频应用平台，集成了中视文广视频直播系统、视频点播系统、视频广播系统、以及视频制作等子系统，旨在为用户提供整套的媒体文件制作、VOD点播、Live视频直播，媒体文件广播等服务，帮助用户建设网络音视频应用平台。&#xD;
&#xD;
北京中视文广科技有限公司无限流媒体系统（AMS）存在跨站脚本漏洞，远程攻击者可向url中注入任意JavaScript代码。</description><patchName>朗讯科技AnyMedia系统存在XSS漏洞</patchName><patchDescription>已由CNVD通过软件生产厂商公开联系渠道向其邮件通报，由其后续提供解决方案并协调相关用户单位处置。&#xD;
</patchDescription></vulnerability><vulnerability><number>CNVD-2017-25525</number><title>青岛政务网APP安卓版存在越权访问漏洞</title><serverity>中</serverity><products><product>山东亚微软件股份有限公司 青岛政务网APP 安卓版</product></products><isEvent>通用软硬件漏洞</isEvent><submitTime>2017-08-21</submitTime><openTime>2017-10-06</openTime><discovererName>曲终人散</discovererName><formalWay>厂商尚未提供漏洞修复方案，请关注厂商主页及时更新：&#xD;
http://www.yawei.com.cn/</formalWay><description>青岛政务网APP是一款方便市民用户随时随地了解最新的新闻资讯，掌握最新的政府决策信息，方便市民与政府直接对话交流的政务服务助手。&#xD;
&#xD;
青岛政务网APP安卓版存在越权访问漏洞，攻击者注册登录后，可通过抓取修改数据包的形式，越权查看其他账户个人信件里面的信息，包括违规举报事件（包括被举报的人员有政府人员、公安干警、法院）等敏感信息。</description><patchName>青岛市政务网安卓APP存在越权访问漏洞</patchName><patchDescription>已经转由CNCERT下发给山东分中心,由其后续协调网站管理单位处置.</patchDescription></vulnerability><vulnerability><number>CNVD-2017-25524</number><title>青岛政务网APP安卓版存在信息泄露漏洞</title><serverity>中</serverity><products><product>山东亚微软件股份有限公司 青岛政务网APP 安卓版</product></products><isEvent>通用软硬件漏洞</isEvent><submitTime>2017-08-21</submitTime><openTime>2017-10-06</openTime><discovererName>曲终人散</discovererName><formalWay>厂商尚未提供漏洞修复方案，请关注厂商主页及时更新：&#xD;
http://www.yawei.com.cn</formalWay><description>青岛政务网APP是一款方便市民用户随时随地了解最新的新闻资讯，掌握最新的政府决策信息，方便市民与政府直接对话交流的政务服务助手。&#xD;
&#xD;
青岛政务网APP安卓版存在信息泄露漏洞，攻击者注册登录后可任意查看该市所有政府部门的信箱加密内容，包括违规举报事件（包括被举报的人员有政府人员、公安干警、法院）等敏感信息。</description><patchName>青岛市政务网安卓APP存在信息泄露漏洞</patchName><patchDescription>已经转由CNCERT下发给山东分中心,由其后续协调网站管理单位处置.</patchDescription></vulnerability><vulnerability><number>CNVD-2017-26289</number><title>派桑网络后台管理系统存在SQL注入漏洞</title><serverity>高</serverity><products><product>浙江搜派信息科技有限公司 派桑后台管理系统 v1.0</product></products><isEvent>通用软硬件漏洞</isEvent><submitTime>2017-08-21</submitTime><openTime>2017-10-05</openTime><discovererName>梁文彬</discovererName><formalWay>厂商尚未提供漏洞修补方案，请关注厂商主页及时更新：&#xD;
http://www.360zj.cn/web/</formalWay><description>派桑网络后台管理系统是浙江搜派信息科技有限公司研发的一款建站系统。&#xD;
&#xD;
派桑网络后台管理系统id参数存在SQL注入漏洞，攻击者可利用该漏洞获取数据库敏感信息。</description><patchName>按照以往联系方式发送至wangjinn@360zj.com中处置。</patchName><patchDescription>已由CNVD通过软件生产厂商公开联系渠道向其邮件通报，由其后续提供解决方案并协调相关用户单位处置。</patchDescription></vulnerability><vulnerability><number>CNVD-2017-25412</number><title>多多返利网系统_V8.3 list.act.php存在SQL注入漏洞</title><serverity>中</serverity><products><product>湖州多多信息科技有限公司 多多返利 8.3_UTF8</product></products><isEvent>通用软硬件漏洞</isEvent><submitTime>2017-08-23</submitTime><openTime>2017-10-07</openTime><discovererName>甘泽民</discovererName><formalWay>厂商尚未提供漏洞修补方案，请关注厂商主页及时更新：&#xD;
http://soft.duoduo123.com/</formalWay><description>多多返利系统是为电商返利、导购提供解决方案,是开源PHP返利网站系统。&#xD;
&#xD;
多多返利网系统_V8.3 list.act.php存在SQL注入漏洞。该漏洞由于系统code参数未对用户提交的数据进行过滤，远程攻击者可利用漏洞获取数据库敏感信息。</description></vulnerability><vulnerability><number>CNVD-2017-25411</number><title>多多返利网系统_V8.3 mall_order目录下list.act.php存在SQL注入漏洞</title><serverity>中</serverity><products><product>湖州多多信息科技有限公司 多多返利 8.3_UTF8</product></products><isEvent>通用软硬件漏洞</isEvent><submitTime>2017-08-23</submitTime><openTime>2017-10-07</openTime><discovererName>甘泽民</discovererName><formalWay>厂商尚未提供漏洞修补方案，请关注厂商主页及时更新：&#xD;
http://soft.duoduo123.com/</formalWay><description>多多返利系统是为电商返利、导购提供解决方案,是开源PHP返利网站系统。&#xD;
&#xD;
多多返利网系统_V8.3 mall_order目录下list.act.php存在SQL注入漏洞。该漏洞由于系统status参数未对用户提交的数据进行过滤，远程攻击者可利用漏洞获取数据库敏感信息。&#xD;
&#xD;
</description></vulnerability><vulnerability><number>CNVD-2017-25297</number><title>ShopsN v3.0前台SpecialBusinessController.class.php文件存在SQL注入漏洞</title><serverity>中</serverity><products><product>上海亿速网络科技有限公司 ShopSn v3.0 beta3</product></products><isEvent>通用软硬件漏洞</isEvent><submitTime>2017-08-23</submitTime><openTime>2017-10-07</openTime><discovererName>RaI4over</discovererName><formalWay>厂商尚未提供漏洞修复方案，请关注厂商主页及时更新：&#xD;
http://www.yisu.cn/</formalWay><description>ShopsN是一款免费电商开源系统。&#xD;
&#xD;
ShopsN v3.0 beta3版本SpecialBusinessController.class.php文件存在SQL注入漏洞，由于系统未能对place_order函数进行有效过滤。远程攻击者可利用漏洞获取数据库敏感信息。</description></vulnerability><vulnerability><number>CNVD-2017-26276</number><title>ideacms v2.0.7存在代码执行漏洞</title><serverity>高</serverity><products><product>隆昌三皮网络科技有限公司 ideacms v2.0.7</product></products><isEvent>通用软硬件漏洞</isEvent><submitTime>2017-08-23</submitTime><openTime>2017-10-07</openTime><discovererName>杭州朔方信息技术有限公司</discovererName><formalWay>厂商尚未提供漏洞修补方案，请关注厂商主页及时更新：&#xD;
http://www.ideacms.net/</formalWay><description>IdeaCMS网站管理系统是由三皮网络科技有限公司(原天一方网络)基于Asp+Access/Mssql环境下开发的快速建站系统。&#xD;
&#xD;
ideacms v2.0.7存在代码执行漏洞。该漏洞是由于用户通过请求将代码注入到应用中，调用将字符串转化成代码的函数（如php中的eval）时，未能控制此字符串所致，攻击者利用该漏洞执行任意代码。&#xD;
</description></vulnerability><vulnerability><number>CNVD-2017-25296</number><title>远航CMS ArticleAction.class.php页面存在SQL注入漏洞</title><serverity>中</serverity><products><product>镇江市远航网络科技有限公司 远航CMS v2.6.5</product></products><isEvent>通用软硬件漏洞</isEvent><submitTime>2017-08-23</submitTime><openTime>2017-10-07</openTime><discovererName>甘泽民</discovererName><formalWay>厂商尚未提供漏洞修补方案，请关注厂商主页及时更新：&#xD;
http://www.yhcms.cn/</formalWay><description>远航CMS是一套基于PHP+MYSQL为核心开发的营销型企业建站系统。&#xD;
&#xD;
远航CMS ArticleAction.class.php页面存在SQL注入漏洞。该漏洞由于系统flag参数未对用户提交的数据进行过滤，远程攻击者可利用漏洞获取数据库敏感信息。&#xD;
</description><patchName>远航CMS系统ArticleAction.class.php存在SQL注入漏洞</patchName><patchDescription>已由CNVD通过软件生产厂商公开联系渠道向其邮件通报，由其后续提供解决方案并协调相关用户单位处置。&#xD;
</patchDescription></vulnerability><vulnerability><number>CNVD-2017-25277</number><title>IBOS企业协同管理软件PersonalController.php页面actionAdd函数存在文件上传漏洞</title><serverity>高</serverity><products><product>深圳市博思协创网络科技有限公司 IBOS企业协同管理软件 v4.4.0</product></products><isEvent>通用软硬件漏洞</isEvent><submitTime>2017-08-24</submitTime><openTime>2017-10-08</openTime><discovererName>艾婉冲</discovererName><formalWay>厂商尚未提供修复方案，请关注厂商主页更新：&#xD;
http://www.ibos.com.cn</formalWay><description>IBOS企业协同管理软件是一个基于PHP开发的协同办公管理系统。 &#xD;
&#xD;
IBOS企业协同管理软件PersonalController.php页面actionAdd函数存在文件上传漏洞。攻击者可利用漏洞构造表单进行文件上传，获得服务器权限。</description></vulnerability><vulnerability><number>CNVD-2017-26310</number><title>阿里妈妈RAP存在反射型跨站脚本漏洞</title><serverity>中</serverity><products><product>阿里妈妈 RAP v0.14.1</product></products><isEvent>通用软硬件漏洞</isEvent><submitTime>2017-08-24</submitTime><openTime>2017-10-08</openTime><discovererName>郑东曦</discovererName><formalWay>厂商尚未提供漏洞修补方案，请关注厂商主页及时更新：&#xD;
http://rapapi.org/org/index.do&#xD;
&#xD;
</formalWay><description>阿里妈妈RAP是一个全域营销平台。&#xD;
&#xD;
阿里妈妈RAP存在反射型跨站脚本漏洞。该漏洞是由于account参数未能正确过滤和转义用户提交的数据，攻击者通过构造XSS语句，进行弹框操作，获得用户cookie等信息。&#xD;
</description></vulnerability></vulnerabilitys>
