<?xml version="1.0" encoding="UTF-8"?>
<vulnerabilitys><vulnerability><number>CNVD-2018-19143</number><title>快剪辑处理TGA格式图片存在内存破坏漏洞</title><serverity>中</serverity><products><product>奇虎360科技有限公司 快剪辑 1.1.0.2100</product></products><isEvent>通用软硬件漏洞</isEvent><submitTime>2018-08-17</submitTime><openTime>2018-10-01</openTime><discovererName>陈思远</discovererName><formalWay>厂商已发布了漏洞修复程序，请及时关注更新：&#xD;
http://kuai.360.cn/home.html</formalWay><description>快剪辑是360出的一款视频编辑工具。&#xD;
&#xD;
快剪辑处理TGA格式图片存在内存破坏漏洞，攻击者可通过构造畸形的TGA格式文件，利用漏洞导致程序崩溃。</description><patchName>快剪辑存在内存破坏漏洞</patchName><patchDescription>已由CNVD通过软件生产厂商公开联系渠道向其邮件通报，由其后续提供解决方案并协调相关用户单位处置。</patchDescription></vulnerability><vulnerability><number>CNVD-2018-19137</number><title>DamiCMS存在任意文件写入漏洞</title><serverity>高</serverity><products><product>大米CMS 大米CMS v6.0.0</product></products><isEvent>通用软硬件漏洞</isEvent><submitTime>2018-08-17</submitTime><openTime>2018-10-01</openTime><discovererName>魏朝</discovererName><formalWay>厂商尚未提供漏洞修复方案，请关注厂商主页更新：&#xD;
https://www.damicms.com/ </formalWay><description>DamiCMS是一套用于快速搭建网站的内容管理系统（CMS）。&#xD;
&#xD;
DamiCMS v6.0.0版本存在任意文件写入漏洞，漏洞源于模板编辑页面未能严格检测文件名后缀，攻击者可利用漏洞写入.phtml、.pht类型文件并执行php代码，获取服务器权限。</description><patchName>DamiCMS存在命令执行漏洞</patchName><patchDescription>已由CNVD通过软件生产厂商公开联系渠道向其邮件通报，由其后续提供解决方案并协调相关用户单位处置。</patchDescription></vulnerability><vulnerability><number>CNVD-2018-19142</number><title>Monxin全网通商城系统存在XSS漏洞</title><serverity>中</serverity><products><product>湖南梦行科技有限公司 Monxin全网通商城系统 </product></products><isEvent>通用软硬件漏洞</isEvent><submitTime>2018-08-17</submitTime><openTime>2018-10-01</openTime><discovererName>宋万杰</discovererName><formalWay>厂商尚未提供漏洞修复方案，请关注厂商主页更新：&#xD;
http://www.monxin.com/</formalWay><description>Monxin全网通商城系统是一款由梦行科技打造的拥有PC商城、手机商城、微信商城、线下收银系统。&#xD;
&#xD;
Monxin全网通商城系统存在XSS漏洞，攻击者可利用该漏洞获取网站敏感信息。</description><patchName>梦行monxinCMS存在XSS漏洞</patchName><patchDescription>已由CNVD通过软件生产厂商公开联系渠道向其邮件通报，由其后续提供解决方案并协调相关用户单位处置。</patchDescription></vulnerability><vulnerability><number>CNVD-2018-19138</number><title>DamiCMS存在任意文件删除漏洞</title><serverity>低</serverity><products><product>大米CMS 大米CMS v6.0.0</product></products><isEvent>通用软硬件漏洞</isEvent><submitTime>2018-08-17</submitTime><openTime>2018-10-01</openTime><discovererName>魏朝</discovererName><formalWay>厂商尚未提供漏洞修复方案，请关注厂商主页更新：&#xD;
https://www.damicms.com</formalWay><description>DamiCMS是一套用于快速搭建网站的内容管理系统（CMS）。&#xD;
&#xD;
DamiCMS v6.0.0版本存在任意文件删除漏洞，漏洞源于模板编辑页面文件删除操作中未能过滤文件参数，攻击者可利用漏洞删除任意文件。</description><patchName>DamiCMS存在任意文件删除漏洞</patchName><patchDescription>已由CNVD通过软件生产厂商公开联系渠道向其邮件通报，由其后续提供解决方案并协调相关用户单位处置。</patchDescription></vulnerability><vulnerability><number>CNVD-2018-19141</number><title>兰屿天臣气象业务服务系统后台存在越权访问漏洞</title><serverity>中</serverity><products><product>重庆兰屿天臣科技有限公司 气象业务服务系统 </product></products><isEvent>通用软硬件漏洞</isEvent><submitTime>2018-08-17</submitTime><openTime>2018-10-01</openTime><discovererName>王卓，蔡晓志</discovererName><formalWay>厂商尚未提供漏洞修复方案，请关注厂商主页更新：&#xD;
http://www.oits-tech.cn/</formalWay><description>兰屿天臣气象业务服务系统是由重庆兰屿天臣科技有限公司开发的一款完整的公共气象服务业务系统。&#xD;
&#xD;
兰屿天臣气象业务服务系统后台存在越权访问漏洞，漏洞源于系统未能严格限制用户访问权限，攻击者可利用漏洞直接登录后台，获取网站敏感信息。</description><patchName>兰屿天臣气象业务服务系统后台存在越权访问漏洞</patchName><patchDescription>已由CNVD通过软件生产厂商公开联系渠道向其邮件通报，由其后续提供解决方案并协调相关用户单位处置。 </patchDescription></vulnerability><vulnerability><number>CNVD-2018-19140</number><title>四川省安全科学技术研究院煤矿远程监控综合管理系统存在任意文件上传漏洞</title><serverity>高</serverity><products><product>四川省安全科学技术研究院 煤矿远程监控综合管理系统 </product></products><isEvent>通用软硬件漏洞</isEvent><submitTime>2018-08-17</submitTime><openTime>2018-10-01</openTime><discovererName>王卓,蔡晓志</discovererName><formalWay>厂商尚未提供漏洞修复方案，请关注厂商主页更新：&#xD;
http://www.scasst.com/</formalWay><description>煤矿远程监控综合管理系统是一款通过互联网远程实时监控煤矿井下各项传感数据并及时汇总、分析、报警的综合监控管理系统。&#xD;
&#xD;
四川省安全科学技术研究院煤矿远程监控综合管理系统存在任意文件上传漏洞，漏洞源于系统未能严格限制和校验上传的文件，攻击者可利用漏洞上传任意文件。</description><patchName>四川省安全科学技术研究院煤矿远程监控综合管理系统存在文件上传漏洞</patchName><patchDescription>已由CNVD通过软件生产厂商公开联系渠道向其邮件通报，由其后续提供解决方案并协调相关用户单位处置。</patchDescription></vulnerability><vulnerability><number>CNVD-2018-19139</number><title>yunmok存在XSS漏洞和CSRF漏洞</title><serverity>中</serverity><products><product>南充市老虎云网络技术有限公司 yunmok </product></products><isEvent>通用软硬件漏洞</isEvent><submitTime>2018-08-17</submitTime><openTime>2018-10-01</openTime><discovererName>无心</discovererName><formalWay>厂商尚未提供漏洞修复方案，请关注厂商主页更新：&#xD;
http://www.yunmok.com</formalWay><description>yunmok是南充市老虎云网络技术有限公司旗下一款通用网站管理建站系统。 &#xD;
&#xD;
yunmok存在XSS漏洞和CSRF漏洞，攻击者可利用漏洞添加管理员账号。</description><patchName>yunmokcms存在多个漏洞</patchName><patchDescription>已由CNVD通过软件生产厂商公开联系渠道向其邮件通报，由其后续提供解决方案并协调相关用户单位处置。 </patchDescription></vulnerability><vulnerability><number>CNVD-2018-19136</number><title>GE iFix workspace.exe组件存在DLL劫持漏洞 </title><serverity>中</serverity><products><product>GE iFIX 5.5</product></products><isEvent>通用软硬件漏洞</isEvent><submitTime>2018-08-17</submitTime><openTime>2018-10-01</openTime><discovererName>刘永军&amp;#40;&amp;#41;</discovererName><formalWay>厂商尚未提供漏洞修复方案，请关注厂商主页更新：&#xD;
http://www.geautomation.com/cn</formalWay><description>GE智能平台(GE-IP)的iFIX是世界领先的工业自动化软件解决方案，提供了生产操作的过程可视化、数据采集和数据监控。 &#xD;
&#xD;
GE iFix workspace.exe组件存在DLL劫持漏洞 ，攻击者可通过加载名为”DWMAPI.dll”的恶意dll，利用漏洞执行恶意代码。</description></vulnerability><vulnerability><number>CNVD-2018-19135</number><title>GE iFix scu.exe组件存在DLL劫持漏洞</title><serverity>中</serverity><products><product>GE iFIX 5.5</product></products><isEvent>通用软硬件漏洞</isEvent><submitTime>2018-08-17</submitTime><openTime>2018-10-01</openTime><discovererName>刘永军&amp;#40;北京神州绿盟科技有限公司&amp;#41;</discovererName><formalWay>厂商尚未提供漏洞修复方案，请关注厂商主页更新：&#xD;
http://www.geautomation.com/cn</formalWay><description>GE智能平台(GE-IP)的iFIX是世界领先的工业自动化软件解决方案，提供了生产操作的过程可视化、数据采集和数据监控。&#xD;
&#xD;
GE iFix scu.exe组件存在DLL劫持漏洞，攻击者可通过加载名为”DWMAPI.dll”的恶意dll，利用漏洞执行恶意代码。</description></vulnerability><vulnerability><number>CNVD-2018-19134</number><title>siemens TD Keypad Designer存在DLL劫持漏洞</title><serverity>高</serverity><products><product>Siemens TD Keypad Designer V1.0.9.25</product></products><isEvent>通用软硬件漏洞</isEvent><submitTime>2018-08-17</submitTime><openTime>2018-10-01</openTime><discovererName>刘永军&amp;#40;北京神州绿盟科技有限公司&amp;#41;</discovererName><formalWay>用户可参考如下供应商提供的安全公告获得补丁信息：&#xD;
https://cert-portal.siemens.com/productcert/pdf/ssa-198330.pdf</formalWay><description>TD Keypad Designer是siemens专门用于TD 100C ，TD 200C，TD 400C的键盘设计器。&#xD;
&#xD;
siemens TD Keypad Designer V1.0.9.25在处理td1文件时存在DLL劫持漏洞，攻击者可利用该漏洞加载恶意dll，执行恶意代码。</description><patchName>Local Privilege Escalation in TD Keypad Designer</patchName></vulnerability><vulnerability><number>CNVD-2018-19126</number><title>EmpireCMS存在代码执行漏洞</title><serverity>高</serverity><products><product>帝国软件 EmpireCMS &lt;=7.5</product></products><isEvent>通用软硬件漏洞</isEvent><submitTime>2018-08-17</submitTime><openTime>2018-10-01</openTime><discovererName>nw01f</discovererName><formalWay>厂商尚未提供漏洞修复方案，请关注厂商主页更新： &#xD;
http://www.phome.net/</formalWay><description>EmpireCMS是一套免费的内容管理系统（CMS）。&#xD;
&#xD;
EmpireCMS 7.5版本及之前版本存在代码执行漏洞，漏洞源于在后台备份数据库时，未对数据库表名做验证，攻击者可通过修改数据库表名，利用漏洞执行任意代码。</description><patchName>EmpireCMS存在代码执行漏洞 </patchName><patchDescription>已由CNVD通过软件生产厂商公开联系渠道向其邮件通报，由其后续提供解决方案并协调相关用户单位处置。</patchDescription></vulnerability><vulnerability><number>CNVD-2018-19133</number><title>施耐德Pelco Sarix Pro摄像头fastjpeg存在未授权访问漏洞</title><serverity>中</serverity><products><product>施耐德（Schneider Electric） Pelco Sarix Pro摄像头 IMP1110-1</product></products><isEvent>通用软硬件漏洞</isEvent><submitTime>2018-08-17</submitTime><openTime>2018-10-01</openTime><discovererName>刘艺琨、邓永凯&amp;#40;北京神州绿盟科技有限公司&amp;#41;</discovererName><formalWay>厂商尚未提供漏洞修复方案，请关注厂商主页更新：&#xD;
https://www.schneider-electric.com</formalWay><description>Pelco Sarix Pro是法国施耐德电气（Schneider Electric）公司的一款视频监控设备。&#xD;
&#xD;
施耐德Pelco Sarix Pro摄像头fastjpeg存在未授权访问漏洞，漏洞源于未对fastjpeg接口进行权限校验，攻击者可利用漏洞导致未授权访问，可观看实时监控截屏信息。</description><patchName>施耐德Pelco Sarix Pro摄像头fastjpeg存在越权访问漏洞</patchName><patchDescription>已由CNVD通过软件生产厂商公开联系渠道向其邮件通报，由其后续提供解决方案并协调相关用户单位处置。</patchDescription></vulnerability><vulnerability><number>CNVD-2018-19132</number><title>施耐德Pelco Sarix Pro摄像头snap.cgi存在未授权访问漏洞</title><serverity>中</serverity><products><product>施耐德（Schneider Electric） Pelco Sarix Pro摄像头 IMP1110-1</product></products><isEvent>通用软硬件漏洞</isEvent><submitTime>2018-08-17</submitTime><openTime>2018-10-01</openTime><discovererName>刘艺琨、邓永凯&amp;#40;北京神州绿盟科技有限公司&amp;#41;</discovererName><formalWay>厂商尚未提供漏洞修复方案，请关注厂商主页更新：&#xD;
https://www.schneider-electric.com</formalWay><description>Pelco Sarix Pro是法国施耐德电气（Schneider Electric）公司的一款视频监控设备。&#xD;
&#xD;
施耐德Pelco Sarix Pro摄像头snap.cgi存在未授权访问漏洞，漏洞源于未对snap.cgi接口进行权限校验，攻击者可利用漏洞导致未授权访问，可观看实时监控截屏信息。</description><patchName>施耐德Pelco Sarix Pro摄像头snap.cgi存在越权访问漏洞</patchName><patchDescription>已由CNVD通过软件生产厂商公开联系渠道向其邮件通报，由其后续提供解决方案并协调相关用户单位处置。</patchDescription></vulnerability><vulnerability><number>CNVD-2018-19131</number><title>施耐德Pelco Sarix Pro摄像头set程序network.ieee8021x.delete_certs存在命令注入漏洞</title><serverity>低</serverity><products><product>施耐德（Schneider Electric） Pelco Sarix Pro摄像头 IMP1110-1</product></products><isEvent>通用软硬件漏洞</isEvent><submitTime>2018-08-17</submitTime><openTime>2018-10-01</openTime><discovererName>刘艺琨、邓永凯&amp;#40;北京神州绿盟科技有限公司&amp;#41;</discovererName><formalWay>厂商尚未提供漏洞修复方案，请关注厂商主页更新：&#xD;
https://www.schneider-electric.com</formalWay><description>Pelco Sarix Pro是法国施耐德电气（Schneider Electric）公司的一款视频监控设备。&#xD;
&#xD;
施耐德Pelco Sarix Pro摄像头set程序network.ieee8021x.delete_certs存在命令注入漏洞，攻击者可通过http请求，利用漏洞在后台执行任意命令。</description><patchName>施耐德Pelco Sarix Pro摄像头set程序network.ieee8021x.delete_certs存在命令执行漏洞</patchName><patchDescription>已由CNVD通过软件生产厂商公开联系渠道向其邮件通报，由其后续提供解决方案并协调相关用户单位处置。</patchDescription></vulnerability><vulnerability><number>CNVD-2018-19130</number><title>施耐德Pelco Sarix Pro摄像头set程序system.delete.sd_file存在任意文件删除漏洞</title><serverity>低</serverity><products><product>施耐德（Schneider Electric） Pelco Sarix Pro摄像头 IMP1110-1</product></products><isEvent>通用软硬件漏洞</isEvent><submitTime>2018-08-17</submitTime><openTime>2018-10-01</openTime><discovererName>刘艺琨、邓永凯&amp;#40;北京神州绿盟科技有限公司&amp;#41;</discovererName><formalWay>厂商尚未提供漏洞修复方案，请关注厂商主页更新：&#xD;
https://www.schneider-electric.com</formalWay><description>Pelco Sarix Pro是法国施耐德电气（Schneider Electric）公司的一款视频监控设备。&#xD;
&#xD;
施耐德Pelco Sarix Pro摄像头set程序system.delete.sd_file存在任意文件删除漏洞，攻击者可通过http请求，利用漏洞删除任意系统文件。</description><patchName>施耐德Pelco Sarix Pro摄像头set程序system.delete.sd_file存在任意文件删除漏洞</patchName><patchDescription>已由CNVD通过软件生产厂商公开联系渠道向其邮件通报，由其后续提供解决方案并协调相关用户单位处置。</patchDescription></vulnerability><vulnerability><number>CNVD-2018-19129</number><title>施耐德Pelco Sarix Pro摄像头set程序system.download.sd_file存在命令注入漏洞</title><serverity>低</serverity><products><product>施耐德（Schneider Electric） Pelco Sarix Pro摄像头 IMP1110-1</product></products><isEvent>通用软硬件漏洞</isEvent><submitTime>2018-08-17</submitTime><openTime>2018-10-01</openTime><discovererName>刘艺琨、邓永凯&amp;#40;北京神州绿盟科技有限公司&amp;#41;</discovererName><formalWay>厂商尚未提供漏洞修复方案，请关注厂商主页更新：&#xD;
https://www.schneider-electric.com</formalWay><description>Pelco Sarix Pro是法国施耐德电气（Schneider Electric）公司的一款视频监控设备。&#xD;
&#xD;
施耐德Pelco Sarix Pro摄像头set程序system.download.sd_file存在命令注入漏洞，攻击者可通过http请求，利用漏洞在后台执行任意命令。</description><patchName>施耐德Pelco Sarix Pro摄像头set程序system.download.sd_file存在命令执行漏洞</patchName><patchDescription>已由CNVD通过软件生产厂商公开联系渠道向其邮件通报，由其后续提供解决方案并协调相关用户单位处置。</patchDescription></vulnerability><vulnerability><number>CNVD-2018-19128</number><title>施耐德Pelco Sarix Pro摄像头set程序system.opkg.remove存在命令注入漏洞</title><serverity>低</serverity><products><product>施耐德（Schneider Electric） Pelco Sarix Pro摄像头 IMP1110-1</product></products><isEvent>通用软硬件漏洞</isEvent><submitTime>2018-08-17</submitTime><openTime>2018-10-01</openTime><discovererName>刘艺琨、邓永凯&amp;#40;北京神州绿盟科技有限公司&amp;#41;</discovererName><formalWay>厂商尚未提供漏洞修复方案，请关注厂商主页更新：&#xD;
https://www.schneider-electric.com</formalWay><description>Pelco Sarix Pro是法国施耐德电气（Schneider Electric）公司的一款视频监控设备。&#xD;
&#xD;
施耐德Pelco Sarix Pro摄像头set程序system.opkg.remove存在命令注入漏洞，攻击者可通过http请求，利用漏洞在后台执行任意命令。</description><patchName>施耐德Pelco Sarix Pro摄像头set程序system.opkg.remove存在命令执行漏洞</patchName><patchDescription>已由CNVD通过软件生产厂商公开联系渠道向其邮件通报，由其后续提供解决方案并协调相关用户单位处置。</patchDescription></vulnerability><vulnerability><number>CNVD-2018-19127</number><title>施耐德Pelco Sarix Pro摄像头snapshot.cgi存在未授权访问漏洞</title><serverity>中</serverity><products><product>施耐德（Schneider Electric） Pelco Sarix Pro摄像头 IMP1110-1</product></products><isEvent>通用软硬件漏洞</isEvent><submitTime>2018-08-17</submitTime><openTime>2018-10-01</openTime><discovererName>刘艺琨、邓永凯&amp;#40;北京神州绿盟科技有限公司&amp;#41;</discovererName><formalWay>厂商尚未提供漏洞修复方案，请关注厂商主页更新：&#xD;
https://www.schneider-electric.com</formalWay><description>Pelco Sarix Pro是法国施耐德电气（Schneider Electric）公司的一款视频监控设备。&#xD;
&#xD;
施耐德Pelco Sarix Pro摄像头snapshot.cgi存在未授权访问漏洞，漏洞源于未对snapshot.cgi接口进行权限校验，攻击者可利用漏洞导致未授权访问，可观看实时监控截屏信息。</description><patchName>施耐德Pelco Sarix Pro摄像头snapshot.cgi存在越权访问漏洞</patchName><patchDescription>已由CNVD通过软件生产厂商公开联系渠道向其邮件通报，由其后续提供解决方案并协调相关用户单位处置。</patchDescription></vulnerability><vulnerability><number>CNVD-2018-19125</number><title>Niushop开源系统商城存在任意用户密码重置漏洞</title><serverity>中</serverity><products><product>山西牛酷信息科技有限公司 NiuShop开源商城系统 </product></products><isEvent>通用软硬件漏洞</isEvent><submitTime>2018-08-17</submitTime><openTime>2018-10-01</openTime><discovererName>山东云天安全技术有限公司</discovererName><formalWay>厂商尚未提供漏洞修复方案，请关注厂商主页更新：&#xD;
http://www.niushop.com.cn/</formalWay><description>Niushop开源商城系统是由山西牛酷信息科技有限公司完全自主设计、研发的一套PHP的开源电商系统。&#xD;
&#xD;
Niushop开源系统商城存在任意用户密码重置漏洞，攻击者可通过修改响应数据包，利用漏洞绕过验证码，重置用户密码。</description><patchName>Niushop开源系统商城存在逻辑缺陷漏洞</patchName><patchDescription>已由CNVD通过软件生产厂商公开联系渠道向其邮件通报，由其后续提供解决方案并协调相关用户单位处置。</patchDescription></vulnerability><vulnerability><number>CNVD-2018-19109</number><title>景阳（Sunell）摄像头存在缓冲区溢出漏洞</title><serverity>高</serverity><products><product>深圳市景阳科技股份有限公司 景阳（Sunell）摄像头 V321_1</product></products><isEvent>通用软硬件漏洞</isEvent><submitTime>2018-08-17</submitTime><openTime>2018-10-01</openTime><discovererName>刘艺琨&amp;#40;北京神州绿盟科技有限公司&amp;#41;</discovererName><formalWay>厂商尚未提供漏洞修复方案，请关注厂商主页更新：&#xD;
http://www.sunell.com.cn/&#xD;
http://szsjykjg.b2b.globalbuy.cc/</formalWay><description>景阳（Sunell）摄像头是深圳市景阳科技股份有限公司生产的一款摄像头。&#xD;
&#xD;
景阳（Sunell）摄像头存在缓冲区溢出漏洞，攻击者可利用漏洞导致拒绝服务。</description><patchName>景阳（Sunell）摄像头存在代码执行漏洞</patchName><patchDescription>已由CNVD通过软件生产厂商公开联系渠道向其邮件通报，由其后续提供解决方案并协调相关用户单位处置。</patchDescription></vulnerability><vulnerability><number>CNVD-2018-19108</number><title>景阳（Sunell）摄像头存在认证绕过漏洞</title><serverity>中</serverity><products><product>深圳市景阳科技股份有限公司 景阳（Sunell）摄像头 V321_1</product></products><isEvent>通用软硬件漏洞</isEvent><submitTime>2018-08-17</submitTime><openTime>2018-10-01</openTime><discovererName>刘艺琨&amp;#40;北京神州绿盟科技有限公司&amp;#41;</discovererName><formalWay>厂商尚未提供漏洞修复方案，请关注厂商主页更新：&#xD;
http://www.sunell.com.cn/&#xD;
http://szsjykjg.b2b.globalbuy.cc/</formalWay><description>景阳（Sunell）摄像头是深圳市景阳科技股份有限公司生产的一款摄像头。&#xD;
&#xD;
景阳（Sunell）摄像头存在认证绕过漏洞，攻击者可利用漏洞添加管理员，修改配置，获得WEB管理员权限。</description><patchName>景阳（Sunell）摄像头存在越权访问漏洞</patchName><patchDescription>已由CNVD通过软件生产厂商公开联系渠道向其邮件通报，由其后续提供解决方案并协调相关用户单位处置。</patchDescription></vulnerability><vulnerability><number>CNVD-2018-19107</number><title>景阳（Sunell）摄像头存在跨站脚本攻击漏洞</title><serverity>低</serverity><products><product>深圳市景阳科技股份有限公司 景阳（Sunell）摄像头 V321_1</product></products><isEvent>通用软硬件漏洞</isEvent><submitTime>2018-08-17</submitTime><openTime>2018-10-01</openTime><discovererName>刘艺琨&amp;#40;北京神州绿盟科技有限公司&amp;#41;</discovererName><formalWay>厂商尚未提供漏洞修复方案，请关注厂商主页更新：&#xD;
http://www.sunell.com.cn/&#xD;
http://szsjykjg.b2b.globalbuy.cc/</formalWay><description>景阳（Sunell）摄像头是深圳市景阳科技股份有限公司生产的一款摄像头。&#xD;
&#xD;
景阳（Sunell）摄像头存在跨站脚本攻击，攻击者可通过发送网络请求，利用漏洞获取管理员的账号密码。</description><patchName>景阳（Sunell）摄像头存在XSS漏洞</patchName><patchDescription>已由CNVD通过软件生产厂商公开联系渠道向其邮件通报，由其后续提供解决方案并协调相关用户单位处置。</patchDescription></vulnerability><vulnerability><number>CNVD-2018-19124</number><title>Haiwell C10S0R(-e) PLC存在远程控制漏洞</title><serverity>高</serverity><products><product>厦门海为科技有限公司 C10S0R(-e) PLC </product></products><isEvent>通用软硬件漏洞</isEvent><submitTime>2018-08-17</submitTime><openTime>2018-10-01</openTime><discovererName>李冬冬，汪渊博，耿洋洋</discovererName><formalWay>厂商尚未提供漏洞修复方案，请关注厂商主页更新：&#xD;
http://www.haiwell.com/</formalWay><description>C10S0R(-e) PLC是厦门海为科技有限公司可编程逻辑控制器（PLC）系列中的一款产品。&#xD;
&#xD;
Haiwell C10S0R(-e) PLC存在远程控制漏洞，攻击者可通过非授权的构造特定的网络数据包，利用漏洞控制PLC启动、停止。</description><patchName>Haiwell C10S0R(PLC)存在拒绝服务漏洞</patchName><patchDescription>已由CNVD通过软件生产厂商公开联系渠道向其邮件通报，由其后续提供解决方案并协调相关用户单位处置。</patchDescription></vulnerability><vulnerability><number>CNVD-2018-19123</number><title>Haiwell C10S0R(-e) PLC存在口令清除漏洞</title><serverity>高</serverity><products><product>厦门海为科技有限公司 C10S0R(-e) PLC </product></products><isEvent>通用软硬件漏洞</isEvent><submitTime>2018-08-17</submitTime><openTime>2018-10-01</openTime><discovererName>耿洋洋，李冬冬，汪渊博</discovererName><formalWay>厂商尚未提供漏洞修复方案，请关注厂商主页更新：&#xD;
http://www.haiwell.com/</formalWay><description>C10S0R(-e) PLC是厦门海为科技有限公司可编程逻辑控制器（PLC）系列中的一款产品。&#xD;
&#xD;
Haiwell C10S0R(-e) PLC存在口令清除漏洞，攻击者可通过非授权的构造特定的网络数据包，利用漏洞清除口令。</description><patchName>Haiwell C10S0R（PLC）存在清除口令漏洞</patchName><patchDescription>已由CNVD通过软件生产厂商公开联系渠道向其邮件通报，由其后续提供解决方案并协调相关用户单位处置。</patchDescription></vulnerability><vulnerability><number>CNVD-2018-19122</number><title>Haiwell C10S0R(-e) PLC存在任意代码覆盖漏洞</title><serverity>高</serverity><products><product>厦门海为科技有限公司 C10S0R(-e) PLC </product></products><isEvent>通用软硬件漏洞</isEvent><submitTime>2018-08-17</submitTime><openTime>2018-10-01</openTime><discovererName>耿洋洋、李冬冬、汪渊博</discovererName><formalWay>厂商尚未提供漏洞修复方案，请关注厂商主页更新：&#xD;
http://www.haiwell.com/</formalWay><description>C10S0R(-e) PLC是厦门海为科技有限公司可编程逻辑控制器（PLC）系列中的一款产品。&#xD;
&#xD;
Haiwell C10S0R(-e) PLC存在任意代码覆盖漏洞，攻击者可通过非授权的构造特定的网络数据包，利用漏洞更改PLC程序。</description><patchName>Haiwell C10S0R（PLC）存在越权访问漏洞</patchName><patchDescription>已由CNVD通过软件生产厂商公开联系渠道向其邮件通报，由其后续提供解决方案并协调相关用户单位处置。</patchDescription></vulnerability><vulnerability><number>CNVD-2018-19121</number><title>Haiwell C10S0R(-e)PLC存在任意更改配置信息漏洞</title><serverity>中</serverity><products><product>厦门海为科技有限公司 C10S0R(-e) PLC </product></products><isEvent>通用软硬件漏洞</isEvent><submitTime>2018-08-17</submitTime><openTime>2018-10-01</openTime><discovererName>李冬冬、汪渊博、耿洋洋</discovererName><formalWay>无</formalWay><description>C10S0R(-e) PLC是厦门海为科技有限公司可编程逻辑控制器（PLC）系列中的一款产品。&#xD;
&#xD;
Haiwell C10S0R(-e)PLC存在任意更改配置信息漏洞，攻击者可通过非授权的构造特定的网络数据包，利用漏洞更改PLC的配置信息。</description><patchName>Haiwell C10S0R（PLC）存在任意修改设置漏洞</patchName><patchDescription>已由CNVD通过软件生产厂商公开联系渠道向其邮件通报，由其后续提供解决方案并协调相关用户单位处置。</patchDescription></vulnerability><vulnerability><number>CNVD-2018-19120</number><title>Haiwell C10S0R(-e) PLC存在信息泄露漏洞</title><serverity>中</serverity><products><product>厦门海为科技有限公司 C10S0R(-e) PLC </product></products><isEvent>通用软硬件漏洞</isEvent><submitTime>2018-08-17</submitTime><openTime>2018-10-01</openTime><discovererName>李冬冬、耿洋洋、汪渊博</discovererName><formalWay>厂商尚未提供漏洞修复方案，请关注厂商主页更新：&#xD;
http://www.haiwell.com/</formalWay><description>C10S0R(-e) PLC是厦门海为科技有限公司可编程逻辑控制器（PLC）系列中的一款产品。&#xD;
&#xD;
Haiwell C10S0R(-e) PLC存在信息泄露漏洞，攻击者可通过非授权的构造特定的网络数据包，利用漏洞获取PLC的配置信息。</description><patchName>Haiwell C10S0R（PLC）存在信息泄露漏洞</patchName><patchDescription>已由CNVD通过软件生产厂商公开联系渠道向其邮件通报，由其后续提供解决方案并协调相关用户单位处置。</patchDescription></vulnerability><vulnerability><number>CNVD-2018-19119</number><title>Haiwell C10S0R(-e) PLC存在远程代码上传漏洞</title><serverity>高</serverity><products><product>厦门海为科技有限公司 C10S0R(-e) PLC </product></products><isEvent>通用软硬件漏洞</isEvent><submitTime>2018-08-17</submitTime><openTime>2018-10-01</openTime><discovererName>汪渊博、耿洋洋、李冬冬</discovererName><formalWay>厂商尚未提供漏洞修复方案，请关注厂商主页更新：&#xD;
http://www.haiwell.com/</formalWay><description>C10S0R(-e) PLC是厦门海为科技有限公司可编程逻辑控制器（PLC）系列中的一款产品。&#xD;
&#xD;
Haiwell C10S0R(-e) PLC存在远程代码上传漏洞，攻击者可通过非授权的构造特定的网络数据包，利用漏洞上传任意代码。</description><patchName>Haiwell C10S0R（PLC）存在任意上传漏洞</patchName><patchDescription>已由CNVD通过软件生产厂商公开联系渠道向其邮件通报，由其后续提供解决方案并协调相关用户单位处置。</patchDescription></vulnerability><vulnerability><number>CNVD-2018-19118</number><title>Haiwell C10S0R(-e) PLC存在任意程序清除漏洞</title><serverity>高</serverity><products><product>厦门海为科技有限公司 C10S0R(-e) PLC </product></products><isEvent>通用软硬件漏洞</isEvent><submitTime>2018-08-17</submitTime><openTime>2018-10-01</openTime><discovererName>李冬冬、耿洋洋、汪渊博</discovererName><formalWay>厂商尚未提供漏洞修复方案，请关注厂商主页更新：&#xD;
http://www.haiwell.com/</formalWay><description>C10S0R(-e) PLC是厦门海为科技有限公司可编程逻辑控制器（PLC）系列中的一款产品。&#xD;
&#xD;
Haiwell C10S0R(-e) PLC存在任意程序清除漏洞，攻击者可通过非授权的构造特定的网络数据包，利用漏洞清除PLC程序。</description><patchName>Haiwell C10S0R（PLC）存在远程清除PLC程序漏洞</patchName><patchDescription>已由CNVD通过软件生产厂商公开联系渠道向其邮件通报，由其后续提供解决方案并协调相关用户单位处置。</patchDescription></vulnerability><vulnerability><number>CNVD-2018-19117</number><title>Haiwell C10S0R(-e) PLC存在存储器任意篡改漏洞</title><serverity>高</serverity><products><product>厦门海为科技有限公司 C10S0R(-e) PLC </product></products><isEvent>通用软硬件漏洞</isEvent><submitTime>2018-08-17</submitTime><openTime>2018-10-01</openTime><discovererName>耿洋洋、李冬冬、汪渊博</discovererName><formalWay>厂商尚未提供漏洞修复方案，请关注厂商主页更新：&#xD;
http://www.haiwell.com/</formalWay><description>C10S0R(-e) PLC是厦门海为科技有限公司可编程逻辑控制器（PLC）系列中的一款产品。 &#xD;
&#xD;
Haiwell C10S0R(-e) PLC存在存储器任意篡改漏洞，攻击者可通过非授权的构造特定的网络数据包，利用漏洞控制PLC的输出。</description><patchName>Haiwell C10S0R（PLC）存在远程写寄存器漏洞</patchName><patchDescription>已由CNVD通过软件生产厂商公开联系渠道向其邮件通报，由其后续提供解决方案并协调相关用户单位处置。</patchDescription></vulnerability><vulnerability><number>CNVD-2018-19116</number><title>Haiwell C10S0R(-e) PLC存在越权访问漏洞</title><serverity>高</serverity><products><product>厦门海为科技有限公司 C10S0R(-e) PLC </product></products><isEvent>通用软硬件漏洞</isEvent><submitTime>2018-08-17</submitTime><openTime>2018-10-01</openTime><discovererName>耿洋洋、李冬冬、汪渊博</discovererName><formalWay>厂商尚未提供漏洞修复方案，请关注厂商主页更新：&#xD;
http://www.haiwell.com/</formalWay><description>C10S0R(-e) PLC是厦门海为科技有限公司可编程逻辑控制器（PLC）系列中的一款产品。&#xD;
&#xD;
Haiwell C10S0R(-e) PLC存在越权访问漏洞，攻击者可通过非授权的构造特定的网络数据包，利用漏洞更改PLC的IP。</description><patchName>Haiwell C10S0R（PLC）存在越权访问漏洞</patchName><patchDescription>已由CNVD通过软件生产厂商公开联系渠道向其邮件通报，由其后续提供解决方案并协调相关用户单位处置。</patchDescription></vulnerability><vulnerability><number>CNVD-2018-19115</number><title>DCCE MAC1100 PLC存在密码泄漏漏洞</title><serverity>高</serverity><products><product>大连理工计算机控制工程有限公司 MAC1100 PLC </product></products><isEvent>通用软硬件漏洞</isEvent><submitTime>2018-08-17</submitTime><openTime>2018-10-01</openTime><discovererName>耿洋洋、汪渊博、李冬冬</discovererName><formalWay>厂商尚未提供漏洞修复方案，请关注厂商主页更新：&#xD;
http://www.dcce.cn</formalWay><description>MAC1100 PLC是大连理工计算机控制工程有限公司生产的一款可编程逻辑控制器。 &#xD;
&#xD;
DCCE MAC1100 PLC存在密码泄漏漏洞，攻击者可利用漏洞在计算机与PLC连通的情况下获取PLC用户名和密码。</description><patchName>DCCE MAC1100 PLC存在信息泄露漏洞</patchName><patchDescription>已由CNVD通过软件生产厂商公开联系渠道向其邮件通报，由其后续提供解决方案并协调相关用户单位处置。</patchDescription></vulnerability><vulnerability><number>CNVD-2018-19114</number><title>DCCE PLC_Config存在拒绝服务漏洞</title><serverity>高</serverity><products><product>大连理工计算机控制工程有限公司 PLC_Config </product></products><isEvent>通用软硬件漏洞</isEvent><submitTime>2018-08-17</submitTime><openTime>2018-10-01</openTime><discovererName>汪渊博、耿洋洋、李冬冬</discovererName><formalWay>厂商尚未提供漏洞修复方案，请关注厂商主页更新：&#xD;
http://www.dcce.cn</formalWay><description>PLC_Config是大连理工计算机控制工程有限公司生产的可编程控制器组态和编程的标准软件。&#xD;
&#xD;
DCCE PLC_Config存在拒绝服务漏洞，攻击者可通过非授权的构造特定的网络数据包，利用漏洞导致PLC_config拒绝服务。</description><patchName>DCCE PLC_Config存在拒绝服务漏洞</patchName><patchDescription>已由CNVD通过软件生产厂商公开联系渠道向其邮件通报，由其后续提供解决方案并协调相关用户单位处置。</patchDescription></vulnerability><vulnerability><number>CNVD-2018-19113</number><title>DCCE MAC1100 PLC存在拒绝服务漏洞</title><serverity>高</serverity><products><product>大连理工计算机控制工程有限公司 MAC1100 PLC </product></products><isEvent>通用软硬件漏洞</isEvent><submitTime>2018-08-17</submitTime><openTime>2018-10-01</openTime><discovererName>耿洋洋、汪渊博、李冬冬</discovererName><formalWay>厂商尚未提供漏洞修复方案，请关注厂商主页更新：&#xD;
http://www.dcce.cn&#xD;
</formalWay><description>MAC1100 PLC是大连理工计算机控制工程有限公司生产的一款可编程逻辑控制器。&#xD;
&#xD;
DCCE MAC1100 PLC存在拒绝服务漏洞，攻击者可以通过非授权的构造特定的网络数据包，利用漏洞导致PLC关闭，CPU拒绝服务。</description><patchName>DCCE MAC1100 PLC存在拒绝服务漏洞</patchName><patchDescription>已由CNVD通过软件生产厂商公开联系渠道向其邮件通报，由其后续提供解决方案并协调相关用户单位处置。</patchDescription></vulnerability><vulnerability><number>CNVD-2018-19112</number><title>DCCE MAC1100 PLC存在任意程序覆盖漏洞</title><serverity>高</serverity><products><product>大连理工计算机控制工程有限公司 MAC1100 PLC </product></products><isEvent>通用软硬件漏洞</isEvent><submitTime>2018-08-17</submitTime><openTime>2018-10-01</openTime><discovererName>汪渊博、耿洋洋、李冬冬</discovererName><formalWay>厂商尚未提供漏洞修复方案，请关注厂商主页更新：&#xD;
http://www.dcce.cn</formalWay><description>MAC1100 PLC是大连理工计算机控制工程有限公司生产的一款可编程逻辑控制器。&#xD;
&#xD;
&#xD;
DCCE MAC1100 PLC存在任意程序覆盖漏洞，漏洞源于MAC1100 PLC可编程逻辑控制器向PLC下载程序时未验证相关权限，攻击者可通过远程下载程序的数据包，利用漏洞覆盖任意程序。</description><patchName>DCCE MAC1100 PLC存在越权访问漏洞</patchName><patchDescription>已由CNVD通过软件生产厂商公开联系渠道向其邮件通报，由其后续提供解决方案并协调相关用户单位处置。</patchDescription></vulnerability><vulnerability><number>CNVD-2018-19111</number><title>DCCE MAC1100 PLC存在拒绝服务漏洞（CNVD-2018-19111）</title><serverity>高</serverity><products><product>大连理工计算机控制工程有限公司 MAC1100 PLC </product></products><isEvent>通用软硬件漏洞</isEvent><submitTime>2018-08-17</submitTime><openTime>2018-10-01</openTime><discovererName>汪渊博、李冬冬、耿洋洋</discovererName><formalWay>厂商尚未提供漏洞修复方案，请关注厂商主页更新：&#xD;
http://www.dcce.cn</formalWay><description>MAC1100 PLC是大连理工计算机控制工程有限公司生产的一款可编程逻辑控制器。 &#xD;
&#xD;
DCCE MAC1100 PLC存在拒绝服务漏洞，攻击者可通过非授权的构造特定的网络数据包，利用漏洞导致PLC拒绝服务。&#xD;
</description><patchName>DCCE MAC1100 PLC存在拒绝服务漏洞</patchName><patchDescription>已由CNVD通过软件生产厂商公开联系渠道向其邮件通报，由其后续提供解决方案并协调相关用户单位处置。</patchDescription></vulnerability><vulnerability><number>CNVD-2018-19110</number><title>DCCE MAC1100 PLC存在远程寄存器篡改漏洞</title><serverity>高</serverity><products><product>大连理工计算机控制工程有限公司 MAC1100 PLC </product></products><isEvent>通用软硬件漏洞</isEvent><submitTime>2018-08-17</submitTime><openTime>2018-10-01</openTime><discovererName>汪渊博、耿洋洋、李冬冬</discovererName><formalWay>厂商尚未提供漏洞修复方案，请关注厂商主页更新：&#xD;
http://www.dcce.cn</formalWay><description>MAC1100 PLC是大连理工计算机控制工程有限公司生产的一款可编程逻辑控制器。&#xD;
&#xD;
DCCE MAC1100 PLC存在远程寄存器篡改漏洞，攻击者可通过非授权的构造特定的网络数据包，利用漏洞强行读出或篡改PLC寄存器的值，影响控制器的正常操作。</description><patchName>DCCE MAC1100 PLC存在远程修改寄存器数值漏洞</patchName><patchDescription>已由CNVD通过软件生产厂商公开联系渠道向其邮件通报，由其后续提供解决方案并协调相关用户单位处置。</patchDescription></vulnerability><vulnerability><number>CNVD-2018-19105</number><title>泰州广告网建站系统存在SQL注入漏洞</title><serverity>高</serverity><products><product>泰州广告网 建站系统 </product></products><isEvent>通用软硬件漏洞</isEvent><submitTime>2018-08-17</submitTime><openTime>2018-10-01</openTime><discovererName>樊万达</discovererName><formalWay>厂商尚未提供漏洞修复方案，请关注厂商主页更新：&#xD;
http://www.0523ad.com/</formalWay><description>泰州广告网是一家为用户提供稳定高效的互联网以及无线通讯领域的应用服务的公司。&#xD;
&#xD;
泰州广告网建站系统存在SQL注入漏洞。攻击者可利用漏洞获取数据库敏感信息。</description><patchName>泰州广告网建站系统存在SQL注入漏洞</patchName><patchDescription>已由CNVD通过软件生产厂商公开联系渠道向其邮件通报，由其后续提供解决方案并协调相关用户单位处置。 </patchDescription></vulnerability><vulnerability><number>CNVD-2018-19106</number><title>随便借贷款APP存在逻辑缺陷漏洞</title><serverity>高</serverity><products><product>深圳有钱互联网金融服务有限公司 随便借贷款APP v2.8</product></products><isEvent>通用软硬件漏洞</isEvent><submitTime>2018-08-18</submitTime><openTime>2018-10-02</openTime><discovererName>李高园</discovererName><formalWay>厂商尚未提供漏洞修复方案，请关注厂商主页更新：&#xD;
http://sj.qq.com/myapp/detail.htm?apkName=com.caijin.suibianjie</formalWay><description>随便借贷款APP是一款快速贷款的专业手机贷款软件。&#xD;
&#xD;
随便借贷款APP存在逻辑缺陷漏洞，攻击者可利用抓包工具对数据包中的验证码进行爆破，利用漏洞导致信息泄露。</description><patchName>随便借贷款APP存在逻辑缺陷漏洞</patchName><patchDescription>已由CNVD通过软件生产厂商公开联系渠道向其邮件通报，由其后续提供解决方案并协调相关用户单位处置。 </patchDescription></vulnerability><vulnerability><number>CNVD-2018-18911</number><title>和利时AutoThink存在拒绝服务漏洞</title><serverity>中</serverity><products><product>北京和利时集团 AutoThink </product></products><isEvent>通用软硬件漏洞</isEvent><submitTime>2018-08-18</submitTime><openTime>2018-10-02</openTime><discovererName>汪渊博、耿洋洋、汪洲</discovererName><formalWay>厂商尚未提供漏洞修复方案，请关注厂商主页更新：&#xD;
http://www.hollysys.com/</formalWay><description>和利时集团是集研发、生产、销售、技术服务为一体的专业自动化公司。&#xD;
&#xD;
和利时AutoThink存在拒绝服务漏洞，攻击者可通过构造特定的数据包，利用漏洞导致和利时AutoThink软件拒绝服务漏洞。</description><patchName>和利时AutoThink存在拒绝服务漏洞 </patchName><patchDescription>已由CNVD通过软件生产厂商公开联系渠道向其邮件通报，由其后续提供解决方案并协调相关用户单位处置。</patchDescription></vulnerability><vulnerability><number>CNVD-2018-18910</number><title>和利时LE5109L PLC存在拒绝服务漏洞（CNVD-2018-18910）</title><serverity>中</serverity><products><product>北京和利时集团 PLC LE5109L</product></products><isEvent>通用软硬件漏洞</isEvent><submitTime>2018-08-18</submitTime><openTime>2018-10-02</openTime><discovererName>耿洋洋、汪渊博、马琪灿</discovererName><formalWay>厂商尚未提供漏洞修复方案，请关注厂商主页更新：&#xD;
http://www.hollysys.com/</formalWay><description>和利时集团是集研发、生产、销售、技术服务为一体的专业自动化公司。 &#xD;
&#xD;
和利时LE5109L PLC存在拒绝服务漏洞，攻击者可非授权构造特定的网络数据包，利用漏洞导致PLC拒绝服务。</description><patchName>和利时LE5109L PLC存在拒绝服务漏洞 </patchName><patchDescription>已由CNVD通过软件生产厂商公开联系渠道向其邮件通报，由其后续提供解决方案并协调相关用户单位处置。</patchDescription></vulnerability><vulnerability><number>CNVD-2018-18909</number><title>和利时LE5109L PLC存在拒绝服务漏洞（CNVD-2018-18909）</title><serverity>中</serverity><products><product>北京和利时集团 PLC LE5109L</product></products><isEvent>通用软硬件漏洞</isEvent><submitTime>2018-08-18</submitTime><openTime>2018-10-02</openTime><discovererName>汪渊博、耿洋洋、杨春</discovererName><formalWay>厂商尚未提供漏洞修复方案，请关注厂商主页更新：&#xD;
http://www.hollysys.com/</formalWay><description>和利时集团是集研发、生产、销售、技术服务为一体的专业自动化公司。 &#xD;
&#xD;
和利时LE5109L PLC存在拒绝服务漏洞，攻击者可通过构造特定的私有协议数据包，利用漏洞导致PLC拒绝服务。</description><patchName>和利时LE5109L PLC存在拒绝服务漏洞</patchName><patchDescription>已由CNVD通过软件生产厂商公开联系渠道向其邮件通报，由其后续提供解决方案并协调相关用户单位处置。</patchDescription></vulnerability><vulnerability><number>CNVD-2018-18908</number><title>和利时LE5109L PLC存在远程控制漏洞</title><serverity>中</serverity><products><product>北京和利时集团 PLC LE5109L</product></products><isEvent>通用软硬件漏洞</isEvent><submitTime>2018-08-18</submitTime><openTime>2018-10-02</openTime><discovererName>耿洋洋、汪渊博、马琪灿</discovererName><formalWay>厂商尚未提供漏洞修复方案，请关注厂商主页更新：&#xD;
http://www.hollysys.com/</formalWay><description>和利时集团是集研发、生产、销售、技术服务为一体的专业自动化公司。&#xD;
&#xD;
和利时LE5109L PLC存在远程控制漏洞，攻击者可通过构造特定的私有协议数据包，利用漏洞导致PLC被远程控制。</description><patchName>和利时LE5109L PLC存在拒绝服务漏洞 </patchName><patchDescription>已由CNVD通过软件生产厂商公开联系渠道向其邮件通报，由其后续提供解决方案并协调相关用户单位处置。</patchDescription></vulnerability><vulnerability><number>CNVD-2018-18907</number><title>Emlsoft存在SQL注入漏洞</title><serverity>中</serverity><products><product>宜软通网 EML企业通讯录管理系统 v5.4.5</product></products><isEvent>通用软硬件漏洞</isEvent><submitTime>2018-08-18</submitTime><openTime>2018-10-02</openTime><discovererName>海南神州希望网络有限公司</discovererName><formalWay>厂商已发布了漏洞修复程序，请及时关注更新：&#xD;
http://bbs.emlsoft.com/</formalWay><description>EMLsoft是一套企业通讯录管理系统。&#xD;
&#xD;
Emlsoft v5.4.5版本中存在SQL注入漏洞，漏洞源于未能对item参数进行过滤，攻击者可利用漏洞获取数据库敏感信息。</description><patchName>Emlsoft最新版存在SQL注入漏洞</patchName><patchDescription>已由CNVD通过软件生产厂商公开联系渠道向其邮件通报，由其后续提供解决方案并协调相关用户单位处置。</patchDescription></vulnerability><vulnerability><number>CNVD-2018-18906</number><title>和利时LE5109L PLC存在拒绝服务漏洞（CNVD-2018-18906）</title><serverity>高</serverity><products><product>北京和利时集团 PLC LE5109L</product></products><isEvent>通用软硬件漏洞</isEvent><submitTime>2018-08-18</submitTime><openTime>2018-10-02</openTime><discovererName>耿洋洋、汪渊博、马琪灿</discovererName><formalWay>厂商尚未提供漏洞修复方案，请关注厂商主页更新：&#xD;
http://www.hollysys.com/</formalWay><description>和利时集团是集研发、生产、销售、技术服务为一体的专业自动化公司。 &#xD;
&#xD;
和利时LE5109L PLC存在拒绝服务漏洞，攻击者可通过构造特定的私有协议数据包，利用漏洞导致PLC被远程控制。</description><patchName>和利时LE5109L PLC存在拒绝服务漏洞</patchName><patchDescription>已由CNVD通过软件生产厂商公开联系渠道向其邮件通报，由其后续提供解决方案并协调相关用户单位处置。</patchDescription></vulnerability><vulnerability><number>CNVD-2018-18905</number><title>和利时LE5109L PLC存在存储器任意读取漏洞</title><serverity>中</serverity><products><product>北京和利时集团 PLC LE5109L</product></products><isEvent>通用软硬件漏洞</isEvent><submitTime>2018-08-18</submitTime><openTime>2018-10-02</openTime><discovererName>汪渊博、汪洲、杨春</discovererName><formalWay>厂商尚未提供漏洞修复方案，请关注厂商主页更新：&#xD;
http://www.hollysys.com/</formalWay><description>和利时集团是集研发、生产、销售、技术服务为一体的专业自动化公司。&#xD;
&#xD;
和利时LE5109L PLC存在存储器任意读取漏洞，攻击者可通过构造特定的modbus数据包，利用漏洞导致PLC中任意寄存器的值被任意读取。</description><patchName>和利时LE5109L PLC存在越权访问漏洞</patchName><patchDescription>已由CNVD通过软件生产厂商公开联系渠道向其邮件通报，由其后续提供解决方案并协调相关用户单位处置。</patchDescription></vulnerability><vulnerability><number>CNVD-2018-18904</number><title>和利时LE5109L PLC存在存储器任意篡改漏洞</title><serverity>高</serverity><products><product>北京和利时集团 PLC LE5109L</product></products><isEvent>通用软硬件漏洞</isEvent><submitTime>2018-08-18</submitTime><openTime>2018-10-02</openTime><discovererName>耿洋洋、汪渊博、李冬冬</discovererName><formalWay>厂商尚未提供漏洞修复方案，请关注厂商主页更新：&#xD;
http://www.hollysys.com/</formalWay><description>和利时集团是集研发、生产、销售、技术服务为一体的专业自动化公司。&#xD;
&#xD;
和利时LE5109L PLC存在存储器任意篡改漏洞，攻击者可通过构造特定的modbus数据包，利用漏洞导致PLC寄存器值远程被篡改。</description><patchName>和利时LE5109L PLC存在存储器任意篡改漏洞</patchName><patchDescription>已由CNVD通过软件生产厂商公开联系渠道向其邮件通报，由其后续提供解决方案并协调相关用户单位处置。</patchDescription></vulnerability><vulnerability><number>CNVD-2018-18903</number><title>和利时LE5109L PLC存在任意程序清除漏洞</title><serverity>高</serverity><products><product>北京和利时集团 PLC LE5109L</product></products><isEvent>通用软硬件漏洞</isEvent><submitTime>2018-08-18</submitTime><openTime>2018-10-02</openTime><discovererName>汪渊博、汪洲、耿洋洋</discovererName><formalWay>厂商尚未提供漏洞修复方案，请关注厂商主页更新：&#xD;
http://www.hollysys.com/</formalWay><description>和利时集团是集研发、生产、销售、技术服务为一体的专业自动化公司。 &#xD;
&#xD;
和利时LE5109L PLC存在任意程序清除漏洞，攻击者可通过未授权的构造特定的网络数据包，利用漏洞导致PLC控制器中程序被恶意清除。&#xD;
</description><patchName>和利时LE5109L PLC存在任意程序清除漏洞</patchName><patchDescription>已由CNVD通过软件生产厂商公开联系渠道向其邮件通报，由其后续提供解决方案并协调相关用户单位处置。</patchDescription></vulnerability><vulnerability><number>CNVD-2018-18902</number><title>和利时LE5109L PLC存在远程控制器清除漏洞</title><serverity>高</serverity><products><product>北京和利时集团 PLC LE5109L</product></products><isEvent>通用软硬件漏洞</isEvent><submitTime>2018-08-18</submitTime><openTime>2018-10-02</openTime><discovererName>耿洋洋、汪渊博、李冬冬</discovererName><formalWay>厂商尚未提供漏洞修复方案，请关注厂商主页更新：&#xD;
http://www.hollysys.com/</formalWay><description>和利时集团是集研发、生产、销售、技术服务为一体的专业自动化公司。&#xD;
&#xD;
和利时LE5109L PLC存在远程控制器清除漏洞，攻击者可通过构造特定的modbus数据包，利用漏攻远程清除PLC中控制器的所有程序和配置信息。</description><patchName>和利时LE5109L PLC存在远程控制器清除漏洞</patchName><patchDescription>已由CNVD通过软件生产厂商公开联系渠道向其邮件通报，由其后续提供解决方案并协调相关用户单位处置。</patchDescription></vulnerability><vulnerability><number>CNVD-2018-18304</number><title>大泉州汽车网前台存在cookie注入漏洞</title><serverity>高</serverity><products><product>天辉网络服务有限公司 大泉州汽车网整站程序 v1.1.3</product></products><isEvent>通用软硬件漏洞</isEvent><submitTime>2018-08-20</submitTime><openTime>2018-10-04</openTime><discovererName>詹然</discovererName><formalWay>厂商尚未提供漏洞修复方案，请关注厂商主页更新：&#xD;
http://www.nawzjs.com</formalWay><description>泉州汽车网是一个提供泉州汽车、泉州汽车资讯、泉州新车、泉州二手车等服务的汽车网络平台。&#xD;
&#xD;
大泉州汽车网前台存在cookie注入漏洞，攻击者可利用漏洞获取敏感信息。&#xD;
</description><patchName>大泉州汽车网前台存在SQL注入漏洞</patchName><patchDescription>已由CNVD通过软件生产厂商公开联系渠道向其邮件通报，由其后续提供解决方案并协调相关用户单位处置。</patchDescription></vulnerability><vulnerability><number>CNVD-2018-18303</number><title>大泉州汽车网前台存在SQL注入漏洞</title><serverity>高</serverity><products><product>天辉网络服务有限公司 大泉州汽车网整站程序 v1.1.3</product></products><isEvent>通用软硬件漏洞</isEvent><submitTime>2018-08-20</submitTime><openTime>2018-10-04</openTime><discovererName>詹然</discovererName><formalWay>厂商尚未提供漏洞修复方案，请关注厂商主页更新：&#xD;
http://www.nawzjs.com</formalWay><description>泉州汽车网是一个提供泉州汽车、泉州汽车资讯、泉州新车、泉州二手车等服务的汽车网络平台。&#xD;
&#xD;
大泉州汽车网前台存在SQL注入漏洞，漏洞源于未能对pagenum参数进行过滤，攻击者可利用该漏洞获取敏感信息。</description><patchName>大泉州汽车网前台存在SQL注入漏洞</patchName><patchDescription>已由CNVD通过软件生产厂商公开联系渠道向其邮件通报，由其后续提供解决方案并协调相关用户单位处置。 </patchDescription></vulnerability><vulnerability><number>CNVD-2018-18302</number><title>仕达高速公路项目管理信息系统存在任意文件遍历读取删除漏洞</title><serverity>中</serverity><products><product>陕西公众仕达软件科技有限公司 仕达高速公路项目管理信息系统 </product></products><isEvent>通用软硬件漏洞</isEvent><submitTime>2018-08-20</submitTime><openTime>2018-10-04</openTime><discovererName>王卓</discovererName><formalWay>厂商尚未提供漏洞修复方案，请关注厂商主页更新：&#xD;
http://www.publicstarsoftware.com</formalWay><description>仕达高速公路项目管理信息系统是一套为项目参建单位开发的工程项目管理平台。&#xD;
&#xD;
仕达高速公路项目管理信息系统存在任意文件遍历读取删除漏洞，攻击者可利用漏洞读取删除任意文件，获取敏感信息。</description><patchName>仕达高速公路项目管理信息系统存在目录遍历、任意文件读取删除漏洞</patchName><patchDescription>已由CNVD通过软件生产厂商公开联系渠道向其邮件通报，由其后续提供解决方案并协调相关用户单位处置。</patchDescription></vulnerability><vulnerability><number>CNVD-2018-18301</number><title>仕达高速公路项目管理信息系统存在文件上传漏洞</title><serverity>高</serverity><products><product>陕西公众仕达软件科技有限公司 仕达高速公路项目管理信息系统 </product></products><isEvent>通用软硬件漏洞</isEvent><submitTime>2018-08-20</submitTime><openTime>2018-10-04</openTime><discovererName>王卓</discovererName><formalWay>厂商尚未提供漏洞修复方案，请关注厂商主页更新：&#xD;
http://www.publicstarsoftware.com/</formalWay><description>仕达高速公路项目管理信息系统是一套为项目参建单位开发的工程项目管理平台。&#xD;
&#xD;
仕达高速公路项目管理信息系统存在文件上传漏洞，漏洞源于未能严格限制和校验文件的上传类型和上传路径，攻击者可利用漏洞上传任意文件，获取webshell。</description><patchName>仕达高速公路项目管理信息系统存在文件上传漏洞</patchName><patchDescription>已由CNVD通过软件生产厂商公开联系渠道向其邮件通报，由其后续提供解决方案并协调相关用户单位处置。 </patchDescription></vulnerability><vulnerability><number>CNVD-2018-18300</number><title>河南星通GPS智能监控管理系统前台存在SQL注入漏洞</title><serverity>高</serverity><products><product>河南星通信息技术有限公司 GPS智能监控管理系统 V1.0</product></products><isEvent>通用软硬件漏洞</isEvent><submitTime>2018-08-20</submitTime><openTime>2018-10-04</openTime><discovererName>王卓，蔡晓志</discovererName><formalWay>厂商尚未提供漏洞修复方案，请关注厂商主页更新：&#xD;
http://www.hnxtgps.cn</formalWay><description>河南星通信息技术有限公司是一家从事GPS全球定位运营服务的专业化公司。&#xD;
&#xD;
河南星通GPS智能监控管理系统前台存在SQL注入漏洞，攻击者可利用漏洞获取敏感信息。</description><patchName>河南星通GPS智能监控管理系统前台存在SQL注入漏洞</patchName><patchDescription>已由CNVD通过软件生产厂商公开联系渠道向其邮件通报，由其后续提供解决方案并协调相关用户单位处置。</patchDescription></vulnerability><vulnerability><number>CNVD-2018-18299</number><title>河南亿普格计算机科技有限公司建站系统存在Cookie欺骗漏洞</title><serverity>中</serverity><products><product>河南亿普格计算机科技有限公司 建站系统 </product></products><isEvent>通用软硬件漏洞</isEvent><submitTime>2018-08-20</submitTime><openTime>2018-10-04</openTime><discovererName>惜潮</discovererName><formalWay>暂无</formalWay><description>河南亿普格计算机科技有限公司是一家专注企业网络营销落地的服务机构。&#xD;
&#xD;
河南亿普格计算机科技有限公司建站系统存在Cookie欺骗漏洞，攻击者通过已验证成功的Cookie，利用漏洞无需身份验证即可访问后台管理。</description><patchName>河南亿普格建站系统存在后台登录绕过漏洞</patchName><patchDescription>已由CNVD通过软件生产厂商公开联系渠道向其邮件通报，由其后续提供解决方案并协调相关用户单位处置。</patchDescription></vulnerability><vulnerability><number>CNVD-2018-18298</number><title>zzcms产品版8.3中admin/ad_user_modify.php存在任意文件删除漏洞</title><serverity>低</serverity><products><product>ZZCMS zzcms产品版 8.3</product></products><isEvent>通用软硬件漏洞</isEvent><submitTime>2018-08-20</submitTime><openTime>2018-10-04</openTime><discovererName>拂晓</discovererName><formalWay>厂商尚未提供漏洞修复方案，请关注厂商主页更新：&#xD;
http://www.zzcms.net/</formalWay><description>ZZCMS产品版是一套用于快速搭建招商型网站的CMS（内容管理系统）。&#xD;
&#xD;
ZZCMS产品版8.3中admin/ad_user_modify.php存在任意文件删除漏洞。攻击者可利用漏洞删除任意文件。</description><patchName>zzcms 8.3 admin/ad_user_modify.php存在任意文件删除漏洞</patchName><patchDescription>已由CNVD通过软件生产厂商公开联系渠道向其邮件通报，由其后续提供解决方案并协调相关用户单位处置。</patchDescription></vulnerability><vulnerability><number>CNVD-2018-18297</number><title>SecGate3600-A1500存在多个漏洞</title><serverity>中</serverity><products><product>网神信息技术（北京）股份有限公司 SecGate3600-A1500 </product></products><isEvent>通用软硬件漏洞</isEvent><submitTime>2018-08-20</submitTime><openTime>2018-10-04</openTime><discovererName>于志鹏</discovererName><formalWay>厂商尚未提供漏洞修复方案，请关注厂商主页更新：&#xD;
https://www.legendsec.com</formalWay><description>SecGate3600-A1500是网神信息技术(北京)股份有限公司旗下一款安全网关产品。&#xD;
&#xD;
SecGate3600-A1500存在COOKIE固定、登录绕过漏洞，攻击者可利用漏洞获取敏感信息。</description><patchName>SecGate3600-A1500存在多个漏洞</patchName><patchDescription>已由CNVD通过软件生产厂商公开联系渠道向其邮件通报，由其后续提供解决方案并协调相关用户单位处置。 </patchDescription></vulnerability><vulnerability><number>CNVD-2018-18296</number><title>齐博CMS整站系统存在任意文件删除漏洞</title><serverity>低</serverity><products><product>广州齐博网络科技有限公司 齐博CMS整站系统 V7.0</product></products><isEvent>通用软硬件漏洞</isEvent><submitTime>2018-08-20</submitTime><openTime>2018-10-04</openTime><discovererName>donkey</discovererName><formalWay>厂商尚未提供漏洞修复方案，请关注厂商主页更新：&#xD;
http://www.qibosoft.com/index.htm</formalWay><description>齐博CMS整站系统是广州齐博网络科技有限公司旗下的一套开源的内容管理系统。&#xD;
&#xD;
齐博CMS整站系统存在任意文件删除漏洞，攻击者可利用漏洞删除任意文件。</description><patchName>齐博CMS存在任意文件删除漏洞</patchName><patchDescription>已由CNVD通过软件生产厂商公开联系渠道向其邮件通报，由其后续提供解决方案并协调相关用户单位处置。</patchDescription></vulnerability><vulnerability><number>CNVD-2018-18295</number><title>上海引航信息技术有限公司建站系统存在SQL注入漏洞</title><serverity>高</serverity><products><product>上海引航信息技术有限公司 建站系统 </product></products><isEvent>通用软硬件漏洞</isEvent><submitTime>2018-08-21</submitTime><openTime>2018-10-05</openTime><discovererName>陈京伟</discovererName><formalWay>厂商尚未提供漏洞修复方案，请关注厂商主页更新：&#xD;
https://www.joyweb.cn/</formalWay><description>上海引航信息技术有限公司是一家集网站设计制作、品牌策划、企业形象设计及网络营销、信息化服务于一体的新型互联网公司。&#xD;
&#xD;
上海引航信息技术有限公司建站系统存在SQL注入漏洞，攻击者可利用漏洞获取敏感信息。</description><patchName>上海引航科技建站系统存在SQL注入漏洞</patchName><patchDescription>已由CNVD通过软件生产厂商公开联系渠道向其邮件通报，由其后续提供解决方案并协调相关用户单位处置。</patchDescription></vulnerability><vulnerability><number>CNVD-2018-18294</number><title>云模块存在文件上传漏洞</title><serverity>高</serverity><products><product>南充市老虎云网络技术有限公司 yunmok v3.1.01</product></products><isEvent>通用软硬件漏洞</isEvent><submitTime>2018-08-21</submitTime><openTime>2018-10-05</openTime><discovererName>菜菜</discovererName><formalWay>厂商尚未提供漏洞修复方案，请关注厂商主页更新：&#xD;
http://www.yunmok.com/</formalWay><description>云模块是南充市老虎云网络技术有限公司旗下一款通用网站管理建站系统。&#xD;
&#xD;
云模块后台模板管理存在文件上传漏洞，漏洞源于未能对文件后缀和危险函数做过滤，攻击者可利用漏洞进行getshell。</description><patchName>云模块存在文件上传漏洞</patchName><patchDescription>已由CNVD通过软件生产厂商公开联系渠道向其邮件通报，由其后续提供解决方案并协调相关用户单位处置。</patchDescription></vulnerability><vulnerability><number>CNVD-2018-18293</number><title>苹果CMS v10存在任意文件删除漏洞</title><serverity>低</serverity><products><product>苹果CMS 苹果CMS v10</product></products><isEvent>通用软硬件漏洞</isEvent><submitTime>2018-08-21</submitTime><openTime>2018-10-05</openTime><discovererName>吴玉儒</discovererName><formalWay>厂商尚未提供漏洞修复方案，请关注厂商主页更新：&#xD;
http://www.maccms.com</formalWay><description>苹果CMS是一套在PHP+MYSQL环境下运行的完善而强大的快速建站系统。&#xD;
&#xD;
苹果CMS v10后台存在任意文件删除漏洞，漏洞源于未对$name，$force参数进行过滤，攻击者可利用漏洞删除任意文件。</description><patchName>苹果CMS v10存在任意文件删除漏洞</patchName><patchDescription>已由CNVD通过软件生产厂商公开联系渠道向其邮件通报，由其后续提供解决方案并协调相关用户单位处置。</patchDescription></vulnerability><vulnerability><number>CNVD-2018-18226</number><title>热剧CMS v2.1存在XSS漏洞</title><serverity>中</serverity><products><product>乐外资源分享网 热剧CMS v2.1</product></products><isEvent>通用软硬件漏洞</isEvent><submitTime>2018-08-22</submitTime><openTime>2018-10-06</openTime><discovererName>陈帅</discovererName><formalWay>厂商尚未提供漏洞修复方案，请关注厂商主页更新：&#xD;
http://m.ywfls.com/</formalWay><description>热剧CMS是一个以PHP+MySQL进行开发的影视建站系统。&#xD;
&#xD;
热剧CMS v2.1中/wap/book.php存在存储型xss注入漏洞，攻击者可利用漏洞获取管理员cookie。</description><patchName>热剧cms V2.1存在XSS漏洞</patchName><patchDescription>已由CNVD通过软件生产厂商公开联系渠道向其邮件通报，由其后续提供解决方案并协调相关用户单位处置。</patchDescription></vulnerability><vulnerability><number>CNVD-2018-18157</number><title>智慧校园平台存在任意用户密码找回漏洞</title><serverity>中</serverity><products><product>广东智嵌物联网技术有限公司 智慧校园平台 </product></products><isEvent>通用软硬件漏洞</isEvent><submitTime>2018-08-23</submitTime><openTime>2018-10-07</openTime><discovererName>黄志钥</discovererName><formalWay>厂商尚未提供漏洞修复方案，请关注厂商主页更新：&#xD;
http://www.autozq.com</formalWay><description>智慧校园平台是广东智嵌物联网技术有限公司开发的一套智慧校园系统。系统涉及到教务排课、调课、课时统计、教师请假、学生大数据管理平台、考勤管理、后勤设备管理、家校通平台等多个功能模块。&#xD;
&#xD;
智慧校园平台存在任意用户密码找回漏洞，漏洞源于忘记密码功能中重置用户密码时身份验证机制存在缺陷，攻击者可利用漏洞设置用户新密码，获取应用权限后可查看学生信息。</description><patchName>智慧校园平台存在逻辑缺陷漏洞</patchName><patchDescription>已由CNVD通过软件生产厂商公开联系渠道向其邮件通报，由其后续提供解决方案并协调相关用户单位处置。</patchDescription></vulnerability></vulnerabilitys>
