<?xml version="1.0" encoding="UTF-8"?>
<vulnerabilitys><vulnerability><number>CNVD-2018-01004</number><title>台湾Tibbo集团AggreGate SCADA-HMI工业软件存在信息泄露漏洞</title><serverity>中</serverity><products><product>Tibbo Technology AggreGate SCADA-HMI v5.50.11_windows-x64</product></products><isEvent>通用软硬件漏洞</isEvent><submitTime>2018-01-03</submitTime><openTime>2018-02-19</openTime><discovererName>曲终人散</discovererName><formalWay>厂商尚未提供漏洞修复方案，请关注厂商主页及时更新：&#xD;
http://aggregate.tibbo.com/ </formalWay><description>AggreGate SCADA/HMI是一个可视化和操作流程，生产流程，机器和设备的系统。它是一个多用户分布式解决方案，为许多行业提供监控和监控。&#xD;
&#xD;
台湾Tibbo集团AggreGate SCADA-HMI工业软件存在信息泄露漏洞，攻击者可利用该漏洞获取管理员账户密码凭据。&#xD;
</description><patchName>台湾Tibbo集团AggreGate SCADA-HMI工业软件存在多个漏洞</patchName><patchDescription>已由CNVD通过软件生产厂商公开联系渠道向其邮件通报，由其后续提供解决方案并协调相关用户单位处置。</patchDescription></vulnerability><vulnerability><number>CNVD-2018-01006</number><title>宝塔面板windows版存在代码执行漏洞</title><serverity>高</serverity><products><product>东莞市百塔网络科技有限公司 宝塔面板 Windows版</product></products><isEvent>通用软硬件漏洞</isEvent><submitTime>2018-01-05</submitTime><openTime>2018-02-19</openTime><discovererName>南京联成科技发展股份有限公司</discovererName><formalWay>厂商尚未提供漏洞修复方案，请关注厂商主页及时更新：&#xD;
https://www.bt.cn</formalWay><description>宝塔面板是一款使用方便、功能齐全且终身免费的服务器管理软件，支持Linux与Windows系统。&#xD;
&#xD;
宝塔面板windows版存在代码执行漏洞，该漏洞是由于程序未能对用户传过来的数值进行校验，导致攻击者可利用漏洞获取服务器控制权。</description><patchName>宝塔windows版存在代码执行漏洞</patchName><patchDescription>已由CNVD通过软件生产厂商公开联系渠道向其邮件通报，由其后续提供解决方案并协调相关用户单位处置。 </patchDescription></vulnerability><vulnerability><number>CNVD-2018-01007</number><title>PHPSHE网上商城系统存在SQL注入漏洞</title><serverity>中</serverity><products><product>灵宝简好网络科技有限公司 PHPSHE B2C商城系统  v1.6</product></products><isEvent>通用软硬件漏洞</isEvent><submitTime>2018-01-05</submitTime><openTime>2018-02-19</openTime><discovererName>copy_cat </discovererName><formalWay>厂商尚未提供漏洞修复方案，请关注厂商主页及时更新：&#xD;
http://www.phpshe.com</formalWay><description>PHPSHE网上商城系统为用户提供了一个低成本、高效率的网上商城建设方案。&#xD;
&#xD;
PHPSHE网上商城系统 v1.6版本中的user.php页面存在SQL注入漏洞，攻击者可利用该漏洞获取数据库敏感信息。</description><patchName>phpshe1.6 b2c商城系统存在SQL注入漏洞</patchName><patchDescription>已由CNVD通过软件生产厂商公开联系渠道向其邮件通报，由其后续提供解决方案并协调相关用户单位处置。 </patchDescription></vulnerability><vulnerability><number>CNVD-2018-01008</number><title>英伟腾VT Designer存在逻辑漏洞</title><serverity>低</serverity><products><product>深圳市英威腾电气股份有限公司 VT Designer V2.1.7.31</product></products><isEvent>通用软硬件漏洞</isEvent><submitTime>2018-01-05</submitTime><openTime>2018-02-19</openTime><discovererName>张道全</discovererName><referenceLink>vt designer打开工程时候，会通过Compare&#xD;
函数对工程文件标签CTagGroup进行比对。然而esi初始化为0后，发现ctaggroup标签始终不想等，则判断结束。然后程序对esi是否为0进行了判断，却没有进行跳转。导致直接读取内存异常地址，导致程序拒绝服务。&#xD;
</referenceLink><formalWay>厂商尚未提供漏洞修复方案，请关注厂商主页及时更新：&#xD;
http://www.invt.com.cn/</formalWay><description>英威腾是国家火炬计划重点高新技术企业，依托于电力电子、自动控制、信息技术，业务覆盖工业自动化、新能源汽车、网络能源及轨道交通。&#xD;
&#xD;
英伟腾VT Designer存在逻辑漏洞，该漏洞是由于Compare函数未能对工程文件标签CTagGroup进行对比。攻击者可利用漏洞使内存地址异常，导致程序拒绝服务。</description><patchName>英伟腾tv designer存在代码逻辑漏洞</patchName><patchDescription>已由CNVD通过软件生产厂商公开联系渠道向其邮件通报，由其后续提供解决方案并协调相关用户单位处置。</patchDescription></vulnerability><vulnerability><number>CNVD-2018-01009</number><title>PHPOKCMS后台存在任意文件下载漏洞</title><serverity>低</serverity><products><product>深圳市锟铻科技有限公司 PHPOKCMS V4.8</product></products><isEvent>通用软硬件漏洞</isEvent><submitTime>2018-01-07</submitTime><openTime>2018-02-21</openTime><discovererName>于志鹏</discovererName><formalWay>厂商尚未提供漏洞修复方案，请关注厂商主页及时更新：&#xD;
https://www.phpok.com/</formalWay><description>PHPOKCMS是一套采用PHP+MYSQL语言开发的企业站CMS系统。&#xD;
&#xD;
PHPOKCMS V4.8版本后台存在任意文件下载漏洞，攻击者可利用该漏洞下载任意文件。</description></vulnerability><vulnerability><number>CNVD-2018-01376</number><title>上海盛浪信息咨询有限公司聊客APP存在任意号码登录漏洞</title><serverity>中</serverity><products><product>上海盛浪信息咨询有限公司 聊客APP v3.0.31.1213</product></products><isEvent>通用软硬件漏洞</isEvent><submitTime>2018-01-08</submitTime><openTime>2018-02-22</openTime><discovererName>李高园</discovererName><formalWay>厂商已提供漏洞修复方案，请关注厂商主页及时更新：&#xD;
https://www.liaoke.tv</formalWay><description>聊客是一款基于位置的移动视频社交应用。&#xD;
&#xD;
上海盛浪信息咨询有限公司聊客APP存在任意号码登录漏洞，该漏洞是由于服务端未能对验证码校验请求次数和时间做限制，并且可二次验证。攻击者可利用该漏洞使用任意号码登录。</description><patchName>上海盛浪信息咨询有限公司聊客APP存在任意号码登录漏洞</patchName><patchDescription>已由CNVD通过软件生产厂商公开联系渠道向其邮件通报，由其后续提供解决方案并协调相关用户单位处置。</patchDescription></vulnerability><vulnerability><number>CNVD-2018-01394</number><title>武汉新宏博实践教学管理平台存在逻辑设计漏洞</title><serverity>中</serverity><products><product>武汉新宏博科技有限公司 教学管理云平台 </product></products><isEvent>通用软硬件漏洞</isEvent><submitTime>2018-01-08</submitTime><openTime>2018-02-22</openTime><discovererName>王梓豪</discovererName><formalWay>厂商尚未提供漏洞修复方案，请关注厂商主页及时更新：&#xD;
http://www.newhb.com</formalWay><description>实践教学管理平台是一个集资源建设、教学实践、顶岗实习、毕业设计和实验教学辅导等诸多功能为一体的综合性管理平台。&#xD;
&#xD;
武汉新宏博实践教学管理平台存在逻辑设计漏洞，攻击者可通过抓包及获取用户UID的方式，获取敏感信息。</description><patchName>武汉新宏博实践教学管理平台存在逻辑缺陷漏洞</patchName><patchDescription>已由CNVD通过软件生产厂商公开联系渠道向其邮件通报，由其后续提供解决方案并协调相关用户单位处置。</patchDescription></vulnerability><vulnerability><number>CNVD-2018-01392</number><cves><cve><cveNumber>CVE-2018-7472</cveNumber></cve></cves><title>INVT Studio存在拒绝服务漏洞</title><serverity>中</serverity><products><product>深圳市英威腾电气股份有限公司 INVT Studio 1.2</product></products><isEvent>通用软硬件漏洞</isEvent><submitTime>2018-01-08</submitTime><openTime>2018-02-22</openTime><discovererName>张道全</discovererName><formalWay>厂商尚未提供漏洞修复方案，请关注厂商主页及时更新：&#xD;
http://www.invt.com.cn</formalWay><description>INVT Studio是一款基于串口和以太网的变频器监控系统。&#xD;
&#xD;
INVT Studio 1.20版本存在拒绝服务漏洞，该漏洞是由于INVT Studio导入功能处未能按照规范进行代码行为处理。攻击者可利用该漏洞导致拒绝服务。</description><patchName>invt studio存在拒绝服务漏洞</patchName><patchDescription>已由CNVD通过软件生产厂商公开联系渠道向其邮件通报，由其后续提供解决方案并协调相关用户单位处置。 </patchDescription></vulnerability><vulnerability><number>CNVD-2018-01393</number><title>MetInfo 5.3.19版本存在远程代码执行漏洞</title><serverity>高</serverity><products><product>长沙米拓信息技术有限公司 metinfo 5.3.19</product></products><isEvent>通用软硬件漏洞</isEvent><submitTime>2018-01-08</submitTime><openTime>2018-02-22</openTime><discovererName>blackwolf</discovererName><formalWay>厂商尚未提供漏洞修补方案，请关注厂商主页及时更新： &#xD;
http://www.metinfo.cn/</formalWay><description>MetInfo是一套使用PHP和Mysql开发的内容管理系统（CMS）。 &#xD;
&#xD;
MetInfo 5.3.19版本存在远程代码执行漏洞，经身份验证的远程攻击者可利用该漏洞获取webshell，获取服务器控制权。</description><patchName>MetInfo 5.3.19版本存在代码执行漏洞</patchName><patchDescription>已由CNVD通过软件生产厂商公开联系渠道向其邮件通报，由其后续提供解决方案并协调相关用户单位处置。&#xD;
</patchDescription></vulnerability><vulnerability><number>CNVD-2018-01403</number><title>Otree橙树建站系统存在逻辑设计漏洞</title><serverity>中</serverity><products><product>橙树网络技术有限公司 建站系统 </product></products><isEvent>通用软硬件漏洞</isEvent><submitTime>2018-01-08</submitTime><openTime>2018-02-22</openTime><discovererName>建建</discovererName><formalWay>厂商尚未提供漏洞修复方案，请关注厂商主页及时更新：&#xD;
http://www.otree.cn/</formalWay><description>橙树网络技术有限公司是一家领先的外贸营销咨询服务公司，专注于搜索引擎Google Adwords广告投，搜索引擎优化SEO技术，搜索引擎营销SEM咨询及面向搜索引擎最优化的网站建设服务，为出口客户提供一系列高价值的整合营销解决方案和服务。&#xD;
&#xD;
Otree橙树建站系统存在逻辑设计漏洞，攻击者可利用该漏洞进行未授权访问，更改网页内容。</description><patchName>otree橙树建站系统存在逻辑缺陷漏洞</patchName><patchDescription>已由CNVD通过软件生产厂商公开联系渠道向其邮件通报，由其后续提供解决方案并协调相关用户单位处置。</patchDescription></vulnerability><vulnerability><number>CNVD-2018-01223</number><title>phpaaCMS v0.5 category.action.php页面存在SQL注入漏洞</title><serverity>中</serverity><products><product>PhpaaCMS phpaaCMS v0.5</product></products><isEvent>通用软硬件漏洞</isEvent><submitTime>2018-01-09</submitTime><openTime>2018-02-23</openTime><discovererName>shiyan</discovererName><formalWay>厂商尚未提供漏洞修复方案，请关注厂商主页及时更新：&#xD;
http://www.phpaa.cn/</formalWay><description>phpaaCMS是一款简易的文章管理系统。&#xD;
&#xD;
phpaaCMS v0.5版本/admin/category.action.php页面存在SQL注入漏洞，攻击者可利用漏洞获取数据库敏感信息。&#xD;
</description></vulnerability><vulnerability><number>CNVD-2018-01404</number><title>X6CMS后台存在任意文件删除漏洞</title><serverity>中</serverity><products><product>X6CMS 小六网站内容管理系统  V2.2_20130305</product></products><isEvent>通用软硬件漏洞</isEvent><submitTime>2018-01-09</submitTime><openTime>2018-02-23</openTime><discovererName>小洲</discovererName><formalWay>厂商尚未提供漏洞修复方案，请关注厂商主页及时更新：&#xD;
http://www.x6cms.com/</formalWay><description>X6CMS全称小六网站内容管理系统，是一个功能完善的营销型网站管理平台，采用PHP+MYSQL架构，全站内置SEO优化机制，界面简洁，操作方便。&#xD;
&#xD;
X6CMS V2.2_20130305版本的后台数据库存在任意文件删除漏洞，攻击者可利用该漏洞删除任意文件。&#xD;
&#xD;
</description><patchName>x6cms后台存在任意文件删除漏洞</patchName><patchDescription>已由CNVD通过软件生产厂商公开联系渠道向其邮件通报，由其后续提供解决方案并协调相关用户单位处置。</patchDescription></vulnerability><vulnerability><number>CNVD-2018-01453</number><title>2345看图王V9.0存在内存破坏漏洞</title><serverity>低</serverity><products><product>上海二三四五网络控股集团股份有限公司 2345看图王 v9.0</product></products><isEvent>通用软硬件漏洞</isEvent><submitTime>2018-01-10</submitTime><openTime>2018-02-24</openTime><discovererName>sushan</discovererName><formalWay>目前厂商已经发布了升级补丁以修复此安全问题，详情请关注厂商主页： &#xD;
http://pic.2345.com</formalWay><description>2345看图王是一款看图速度最快并且格式兼容最多的高清看图软件。&#xD;
&#xD;
2345看图王V9.0版本在解析BMP文件格式时存在内存破坏漏洞，攻击者可通过构造恶意的BMP图片文件，触发内存破坏，导致远程代码执行。</description><patchName>2345看图王V9.0存在内存破坏漏洞</patchName><patchDescription>已由CNVD通过软件生产厂商公开联系渠道向其邮件通报，由其后续提供解决方案并协调相关用户单位处置。</patchDescription></vulnerability><vulnerability><number>CNVD-2018-01452</number><title>PHPSHE开源商城系统onotify_url.php页面存在外部实体注入漏洞</title><serverity>中</serverity><products><product>灵宝简好网络科技有限公司 PHPSHE商城系统 v1.6</product></products><isEvent>通用软硬件漏洞</isEvent><submitTime>2018-01-10</submitTime><openTime>2018-02-24</openTime><discovererName>Thinking</discovererName><formalWay>厂商尚未提供漏洞修补方案，请关注厂商主页及时更新： &#xD;
http://www.phpshe.com/</formalWay><description>PHPSHE商城系统是将商品展示、在线购物、订单管理、支付管理、文章管理、客户咨询反馈等功能相结合，为用户提供了网上商城建设方案。 &#xD;
&#xD;
PHPSHE开源商城系统onotify_url.php页面存在外部实体注入漏洞，该漏洞是由于系统未能对用户提交的数据进行有效过滤。攻击者可利用该漏洞读取任意文件，进行SSRF。</description><patchName>PHPSHE1.6 前台存在xml实体注入漏洞</patchName><patchDescription>已由CNVD通过软件生产厂商公开联系渠道向其邮件通报，由其后续提供解决方案并协调相关用户单位处置。</patchDescription></vulnerability><vulnerability><number>CNVD-2018-01454</number><title>云锁WAF存在跨站脚本漏洞</title><serverity>中</serverity><products><product>椒图科技 云锁 win_3.1.6</product></products><isEvent>通用软硬件漏洞</isEvent><submitTime>2018-01-10</submitTime><openTime>2018-02-24</openTime><discovererName>陈哲</discovererName><formalWay>据厂商提供的信息在内部版本已修复，下次发布云锁公网版本将修复该漏洞，详情请关注厂商主页：&#xD;
http://www.yunsuo.com.cn/</formalWay><description>云锁是一款基于操作系统内核加固技术的免费服务器安全管理软件。 &#xD;
&#xD;
云锁WAF存在跨站脚本漏洞，该漏洞是由于云锁未能对跨站脚本进行充分过滤。攻击者可利用该漏洞进行弹框操作，获得用户cookie等信息。</description><patchName>云锁WAF存在XSS漏洞</patchName><patchDescription>已由CNVD通过软件生产厂商公开联系渠道向其邮件通报，由其后续提供解决方案并协调相关用户单位处置。</patchDescription></vulnerability><vulnerability><number>CNVD-2018-01225</number><title>UQCMS云商系统news.mod.php页面存在SQL注入漏洞</title><serverity>高</serverity><products><product>UQCMS UQCMS云商系统 v1.1.17120423</product></products><isEvent>通用软硬件漏洞</isEvent><submitTime>2018-01-10</submitTime><openTime>2018-02-24</openTime><discovererName>lingfeng2008</discovererName><formalWay>厂商尚未提供漏洞修补方案，请关注厂商主页及时更新： &#xD;
http://www.uqcms.com/</formalWay><description>UQCMS云商系统是程序采用PHP+MYSQL，模板采用smarty模板的一款B2B2C电子商务软件。 &#xD;
&#xD;
UQCMS云商系统news.mod.php页面存在SQL注入漏洞，该漏洞源于程序未对用户提交的输入进行充分过滤，攻击者可利用漏洞访问或修改数据库数据。</description></vulnerability><vulnerability><number>CNVD-2018-01224</number><title>UQCMS云商系统goods.mod.php页面存在SQL注入漏洞</title><serverity>高</serverity><products><product>UQCMS UQCMS云商系统 v1.1.17120423</product></products><isEvent>通用软硬件漏洞</isEvent><submitTime>2018-01-10</submitTime><openTime>2018-02-24</openTime><discovererName>lingfeng2008</discovererName><formalWay>厂商尚未提供漏洞修补方案，请关注厂商主页及时更新： &#xD;
http://www.uqcms.com/</formalWay><description>UQCMS云商系统是程序采用PHP+MYSQL，模板采用smarty模板的一款B2B2C电子商务软件。&#xD;
&#xD;
UQCMS云商系统goods.mod.php页面存在SQL注入漏洞，该漏洞源于程序未对用户提交的输入进行充分过滤，攻击者可利用漏洞访问或修改数据库数据。</description></vulnerability><vulnerability><number>CNVD-2018-01463</number><title>全程eHR人力资源管理系统存在跨站脚本漏洞</title><serverity>中</serverity><products><product>全程软件 全程HR人力资源管理软件 </product></products><isEvent>通用软硬件漏洞</isEvent><submitTime>2018-01-10</submitTime><openTime>2018-02-24</openTime><discovererName>lufsy</discovererName><formalWay>厂商尚未提供漏洞修复方案，请关注厂商主页及时更新：&#xD;
http://www.qc-hr.com/</formalWay><description>全程eHR人力资源管理系统是全程软件出品的企业一体化管理软件系列，为企业人事资源开发和管理提供了优秀的软件解决方案。&#xD;
&#xD;
全程eHR人力资源管理系统存在跨站脚本漏洞，该漏洞是由于系统未能对用户提交的数据进行严格过滤。攻击者可利用该漏洞插入跨站代码，获取管理员cookie等敏感信息。</description><patchName>全程eHR人力资源管理系统存在XSS漏洞</patchName><patchDescription>已由CNVD通过软件生产厂商公开联系渠道向其邮件通报，由其后续提供解决方案并协调相关用户单位处置。 </patchDescription></vulnerability><vulnerability><number>CNVD-2018-01220</number><title>DedeCMS V5.7 SP2存在文件上传漏洞</title><serverity>高</serverity><products><product>上海卓卓网络科技有限公司 DedeCMS v5.7 SP2</product></products><isEvent>通用软硬件漏洞</isEvent><submitTime>2018-01-11</submitTime><openTime>2018-02-25</openTime><discovererName>chenjq</discovererName><formalWay>厂商尚未提供漏洞修复方案，请关注厂商主页及时更新：&#xD;
http://www.dedecms.com/</formalWay><description>织梦内容管理系统(DedeCms)是一款PHP开源网站管理系统。&#xD;
&#xD;
DedeCMS V5.7 SP2版本存在文件上传漏洞，该漏洞是由于接口未能对上传文件进行有效过滤，攻击者可利用该漏洞直接上传脚本木马，获取webshell。</description><patchName>DedeCMS-V5.7-SP2存在文件上传漏洞</patchName><patchDescription>已由CNVD通过软件生产厂商公开联系渠道向其邮件通报，由其后续提供解决方案并协调相关用户单位处置。</patchDescription></vulnerability><vulnerability><number>CNVD-2018-01219</number><title>DedeCMS V5.7 SP2存在任意文件读取漏洞</title><serverity>低</serverity><products><product>上海卓卓网络科技有限公司 DedeCMS v5.7 SP2</product></products><isEvent>通用软硬件漏洞</isEvent><submitTime>2018-01-11</submitTime><openTime>2018-02-25</openTime><discovererName>chenjq</discovererName><formalWay>厂商尚未提供漏洞修复方案，请关注厂商主页及时更新：&#xD;
http://www.dedecms.com</formalWay><description>织梦内容管理系统(DedeCms)是一款PHP开源网站管理系统。&#xD;
&#xD;
DedeCMS V5.7 SP2版本中file_manage_view.php文件存在任意文件读取漏洞，攻击者可利用该漏洞获取网站源代码。</description><patchName>DedeCMS-V5.7-SP2存在任意文件读取漏洞</patchName><patchDescription>已由CNVD通过软件生产厂商公开联系渠道向其邮件通报，由其后续提供解决方案并协调相关用户单位处置。</patchDescription></vulnerability><vulnerability><number>CNVD-2018-01218</number><title>DedeCMS V5.7 SP2存在代码执行漏洞</title><serverity>高</serverity><products><product>上海卓卓网络科技有限公司 DedeCMS v5.7 SP2</product></products><isEvent>通用软硬件漏洞</isEvent><submitTime>2018-01-11</submitTime><openTime>2018-02-25</openTime><discovererName>chenjq</discovererName><formalWay>厂商尚未提供漏洞修复方案，请关注厂商主页及时更新：&#xD;
http://www.dedecms.com/</formalWay><description>织梦内容管理系统(DedeCms)是一款PHP开源网站管理系统。&#xD;
&#xD;
DedeCMS V5.7 SP2版本中file_manage_control.php文件存在代码执行漏洞，攻击者可利用该漏洞上传文件，获取webshell。</description><patchName>DedeCMS-V5.7-SP2存在代码执行漏洞</patchName><patchDescription>已由CNVD通过软件生产厂商公开联系渠道向其邮件通报，由其后续提供解决方案并协调相关用户单位处置。</patchDescription></vulnerability><vulnerability><number>CNVD-2018-01464</number><title>北京银杉金服科技有限公司流程银行基础平台存在SQL注入漏洞</title><serverity>高</serverity><products><product>北京银杉金服科技有限公司 流程银行基础平台 1.0</product></products><isEvent>通用软硬件漏洞</isEvent><submitTime>2018-01-11</submitTime><openTime>2018-02-25</openTime><discovererName>陆峰</discovererName><formalWay>目前厂商已经发布了升级补丁已修复这个安全问题，请到厂商的主页下载：&#xD;
http://www.aghoo.com/service.html</formalWay><description>流程银行基础平台是以流程为IT系统实施对象，意在构建商业银行“流水线式”工作平台，按产品、业务条线，对流程进行IT固化、优化，最终搭建一套完整的IT系统。&#xD;
&#xD;
北京银杉金服科技有限公司流程银行基础平台存在SQL注入漏洞，攻击者可利用该漏洞获取数据库敏感信息。</description><patchName>北京银杉金服科技有限公司农商银行cms存在SQL注入漏洞</patchName><patchDescription>已由CNVD通过软件生产厂商公开联系渠道向其邮件和电话通报，同时，将相关案例转由CNCERT向银行业信息化主管部门通报，由其后续提供解决方案并协调相关用户单位处置。</patchDescription></vulnerability><vulnerability><number>CNVD-2018-01465</number><title>SeaCMS admin/admin_weixin.php文件存在任意代码写入漏洞</title><serverity>高</serverity><products><product>SeaCMS SeaCms v6.5.8</product></products><isEvent>通用软硬件漏洞</isEvent><submitTime>2018-01-11</submitTime><openTime>2018-02-25</openTime><discovererName>虫二</discovererName><formalWay>厂商尚未提供漏洞修复方案，请关注厂商主页及时更新：&#xD;
http://www.seacms.net/</formalWay><description>SeaCMS是一套使用PHP编写的免费、开源的网站内容管理系统。该系统主要被设计用来管理视频点播资源。 &#xD;
&#xD;
SeaCMS v6.5.8版本中的admin/admin_weixin.php文件存在任意代码写入漏洞，攻击者可利用该漏洞写入任意代码，获取getshell。</description><patchName>seacms(目前为官方最新版6.58)后台存在其他漏洞</patchName><patchDescription>已由CNVD通过软件生产厂商公开联系渠道向其邮件通报，由其后续提供解决方案并协调相关用户单位处置。</patchDescription></vulnerability><vulnerability><number>CNVD-2018-01226</number><title>UQCMS云商系统member.php页面存在跨站脚本漏洞</title><serverity>中</serverity><products><product>UQCMS UQCMS云商系统 v1.1.17120423</product></products><isEvent>通用软硬件漏洞</isEvent><submitTime>2018-01-11</submitTime><openTime>2018-02-25</openTime><discovererName>lingfeng2008</discovererName><formalWay>厂商尚未提供漏洞修补方案，请关注厂商主页及时更新： &#xD;
http://www.uqcms.com/</formalWay><description>UQCMS云商系统是程序采用PHP+MYSQL，模板采用smarty的一款B2B2C电子商务软件。&#xD;
&#xD;
UQCMS云商系统member.php页面存在跨站脚本漏洞，攻击者可利用漏洞插入恶意代码从而进行弹框操作，获得用户cookie等信息。</description></vulnerability><vulnerability><number>CNVD-2018-01466</number><title>小米盒子存在未授权访问漏洞</title><serverity>中</serverity><products><product>北京小米科技有限责任公司 小米盒子3S 1.5.42（稳定版）</product><product>北京小米科技有限责任公司 小米盒子3S 1.4.32.d（内测版）</product></products><isEvent>通用软硬件漏洞</isEvent><submitTime>2018-01-11</submitTime><openTime>2018-02-25</openTime><discovererName>博雅信安科技（北京）有限公司,北京泰瑞特检测技术服务有限责任公司 </discovererName><formalWay>厂商尚未提供漏洞修复方案，请关注厂商主页及时更新：&#xD;
https://www.mi.com/</formalWay><description>小米盒子是一款高清互联网电视盒。&#xD;
&#xD;
小米盒子存在未授权访问漏洞，该漏洞是由于小米盒子服务端未能对服务访问进行授权验证。攻击者可利用该漏洞安装卸载应用，播放任意可达的视频节目，恢复出厂设置，导致拒绝服务等恶意操作。</description><patchName>小米盒子存在越权访问漏洞</patchName><patchDescription>已由CNVD通过软件生产厂商公开联系渠道向其邮件通报，由其后续提供解决方案并协调相关用户单位处置。</patchDescription></vulnerability><vulnerability><number>CNVD-2018-01222</number><title>DedeCMS V5.7 SP2存在文件上传漏洞（CNVD-2018-01222）</title><serverity>高</serverity><products><product>上海卓卓网络科技有限公司 DedeCMS v5.7 SP2</product></products><isEvent>通用软硬件漏洞</isEvent><submitTime>2018-01-11</submitTime><openTime>2018-02-25</openTime><discovererName>chenjq</discovererName><formalWay>厂商尚未提供漏洞修复方案，请关注厂商主页及时更新：&#xD;
http://www.dedecms.com/</formalWay><description>织梦内容管理系统(DedeCms)是一款PHP开源网站管理系统。&#xD;
&#xD;
DedeCMS V5.7 SP2版本中dede/tpl.php文件存在文件上传漏洞，攻击者可利用该漏洞上传脚本文件，可获取webshell。</description><patchName>DedeCMS-V5.7-SP2存在其他漏洞</patchName><patchDescription>已由CNVD通过软件生产厂商公开联系渠道向其邮件通报，由其后续提供解决方案并协调相关用户单位处置。</patchDescription></vulnerability><vulnerability><number>CNVD-2018-01221</number><title>DedeCMS V5.7 SP2存在代码执行漏洞（CNVD-2018-01221）</title><serverity>高</serverity><products><product>上海卓卓网络科技有限公司 DedeCMS v5.7 SP2</product></products><isEvent>通用软硬件漏洞</isEvent><submitTime>2018-01-11</submitTime><openTime>2018-02-25</openTime><discovererName>chenjq</discovererName><formalWay>厂商尚未提供漏洞修复方案，请关注厂商主页及时更新：&#xD;
http://www.dedecms.com/</formalWay><description>织梦内容管理系统(DedeCms)是一款PHP开源网站管理系统。&#xD;
&#xD;
DedeCMS V5.7 SP2版本中tpl.php存在代码执行漏洞，攻击者可利用该漏洞在增加新的标签中上传木马，获取webshell</description><patchName>DedeCMS-V5.7-SP2存在代码执行漏洞</patchName><patchDescription>已由CNVD通过软件生产厂商公开联系渠道向其邮件通报，由其后续提供解决方案并协调相关用户单位处置。</patchDescription></vulnerability><vulnerability><number>CNVD-2018-03371</number><cves><cve><cveNumber>CVE-2017-18078</cveNumber></cve></cves><title>systemd访问限制绕过漏洞</title><serverity>中</serverity><products><product>systemd systemd &lt;=236</product></products><isEvent>通用软硬件漏洞</isEvent><submitTime>2018-02-02</submitTime><openTime>2018-02-23</openTime><discovererName>Michael Orlitzky</discovererName><referenceLink>https://github.com/systemd/systemd/issues/7736</referenceLink><formalWay>目前厂商已发布升级补丁以修复漏洞，补丁获取链接：&#xD;
https://github.com/systemd/systemd/pull/7964</formalWay><description>systemd是德国软件开发者Lennart Poettering和其他人共同研发的一款基于Linux的系统和服务管理器，它兼容了SysV和LSB的启动脚本，且提供了一个用来表示系统服务间依赖关系的框架。&#xD;
&#xD;
systemd 237之前版本中的systemd-tmpfiles存在安全漏洞，该漏洞源于fs.protected_hardlinks sysctl在关闭之后，程序仍可更改硬链接文件的所有权/权限。本地攻击者可利用该漏洞绕过访问限制。</description><patchName>systemd访问限制绕过漏洞的补丁</patchName><patchDescription>systemd是德国软件开发者Lennart Poettering和其他人共同研发的一款基于Linux的系统和服务管理器，它兼容了SysV和LSB的启动脚本，且提供了一个用来表示系统服务间依赖关系的框架。&#xD;
&#xD;
systemd 237之前版本中的systemd-tmpfiles存在安全漏洞，该漏洞源于fs.protected_hardlinks sysctl在关闭之后，程序仍可更改硬链接文件的所有权/权限。本地攻击者可利用该漏洞绕过访问限制。目前，供应商发布了安全公告及相关补丁信息，修复了此漏洞。</patchDescription></vulnerability><vulnerability><number>CNVD-2018-03369</number><cves><cve><cveNumber>CVE-2018-5720</cveNumber></cve></cves><title>DODOCOOL DC38 3-in-1 N300 Mini Wireless Range Extend跨站请求伪造漏洞</title><serverity>中</serverity><products><product>DODOCOOL DC38 3-in-1 N300 Mini Wireless Range Extend  RTN2-AW.GD.R3465.1.20161103</product></products><isEvent>通用软硬件漏洞</isEvent><submitTime>2018-02-02</submitTime><openTime>2018-02-23</openTime><discovererName>Raffaele Sabato</discovererName><referenceLink>https://www.exploit-db.com/exploits/43898/</referenceLink><formalWay>目前没有详细的解决方案提供：&#xD;
https://www.dodocool.com/</formalWay><description>DODOCOOL DC38 3-in-1 N300 Mini Wireless Range Extend是中国香港DODOCOOL公司的一款无线信号扩展器产品。&#xD;
&#xD;
DODOCOOL DC38 3-in-1 N300 Mini Wireless Range Extend RTN2-AW.GD.R3465.1.20161103版本中存在跨站请求伪造漏洞。远程攻击者可利用该漏洞更改全部配置（包括：用户名、密码或Wi-Fi密码）。</description></vulnerability><vulnerability><number>CNVD-2018-03370</number><cves><cve><cveNumber>CVE-2018-4091</cveNumber></cve></cves><title>Apple macOS High Sierra Sandbox安全绕过漏洞</title><serverity>中</serverity><products><product>Apple macOS High Sierra &lt;10.13.3</product></products><isEvent>通用软硬件漏洞</isEvent><submitTime>2018-02-01</submitTime><openTime>2018-02-23</openTime><discovererName>Siguza, Resecurity, Inc., Alex Gaynor of Mozilla, Hyung Sup Lee of Minionz, You Chan Lee of Hanyang University </discovererName><referenceLink>http://www.securityfocus.com/bid/102785</referenceLink><formalWay>目前厂商已发布升级补丁以修复漏洞，补丁获取链接：&#xD;
https://support.apple.com/zh-cn/HT208465</formalWay><description>Apple macOS High Sierra是美国苹果（Apple）公司为Mac计算机所开发的一套专用操作系统。Sandbox是一套为操作系统提供能够限制应用使用系统资源的方法的沙盒系统。&#xD;
&#xD;
Apple macOS High Sierra 10.13.3之前的版本中的Sandbox组件存在安全漏洞。攻击者可利用该漏洞绕过沙盒限制。</description><patchName>Apple macOS High Sierra Sandbox安全绕过漏洞的补丁</patchName><patchDescription>Apple macOS High Sierra是美国苹果（Apple）公司为Mac计算机所开发的一套专用操作系统。Sandbox是一套为操作系统提供能够限制应用使用系统资源的方法的沙盒系统。&#xD;
&#xD;
Apple macOS High Sierra 10.13.3之前的版本中的Sandbox组件存在安全漏洞。攻击者可利用该漏洞绕过沙盒限制。目前，供应商发布了安全公告及相关补丁信息，修复了此漏洞。</patchDescription></vulnerability><vulnerability><number>CNVD-2018-03424</number><cves><cve><cveNumber>CVE-2018-4098</cveNumber></cve></cves><title>Apple macOS High Sierra IOHIDFamily内存破坏漏洞</title><serverity>高</serverity><products><product>Apple macOS High Sierra &lt;10.13.3</product></products><isEvent>通用软硬件漏洞</isEvent><submitTime>2018-02-01</submitTime><openTime>2018-02-23</openTime><discovererName>Siguza, Resecurity, Inc., Alex Gaynor of Mozilla, Hyung Sup Lee of Minionz, You Chan Lee of Hanyang University </discovererName><referenceLink>http://www.securityfocus.com/bid/102785</referenceLink><formalWay>目前厂商已发布升级补丁以修复漏洞，补丁获取链接：&#xD;
https://support.apple.com/zh-cn/HT208465</formalWay><description>Apple macOS High Sierra是美国苹果（Apple）公司的一套专为Mac计算机所开发的专用操作系统。IOHIDFamily API是其中的一个内核扩展（人机接口设备的抽象接口）API组件。&#xD;
&#xD;
Apple macOS High Sierra 10.13.3之前的版本中的IOHIDFamily组件存在安全漏洞。攻击者可利用该漏洞以内核权限执行任意代码（内存破坏）。</description><patchName>Apple macOS High Sierra IOHIDFamily内存破坏漏洞的补丁</patchName><patchDescription>Apple macOS High Sierra是美国苹果（Apple）公司的一套专为Mac计算机所开发的专用操作系统。IOHIDFamily API是其中的一个内核扩展（人机接口设备的抽象接口）API组件。&#xD;
&#xD;
Apple macOS High Sierra 10.13.3之前的版本中的IOHIDFamily组件存在安全漏洞。攻击者可利用该漏洞以内核权限执行任意代码（内存破坏）。目前，供应商发布了安全公告及相关补丁信息，修复了此漏洞。</patchDescription></vulnerability><vulnerability><number>CNVD-2018-03423</number><cves><cve><cveNumber>CVE-2018-6382</cveNumber></cve></cves><title>MantisBT SQL注入漏洞（CNVD-2018-03423）</title><serverity>中</serverity><products><product>MantisBT MantisBT 2.10.0</product></products><isEvent>通用软硬件漏洞</isEvent><submitTime>2018-02-01</submitTime><openTime>2018-02-23</openTime><discovererName>MantisBT</discovererName><referenceLink>https://mantisbt.org/bugs/view.php?id=23908</referenceLink><formalWay>目前没有详细的解决方案提供：&#xD;
https://mantisbt.org/</formalWay><description>MantisBT是MantisBT团队的一套基于Web的开源缺陷跟踪系统。该系统以Web操作的形式提供项目管理及缺陷跟踪服务。&#xD;
&#xD;
MantisBT 2.10.0版本中存在安全漏洞。本地攻击者可利用该漏洞实施SQL注入攻击。</description></vulnerability><vulnerability><number>CNVD-2018-03422</number><cves><cve><cveNumber>CVE-2014-4705</cveNumber></cve></cves><title>多款Huawei产品eSap software platform堆缓冲区溢出漏洞</title><serverity>高</serverity><products><product>Huawei Campus S7700 V200R002C00SPC100</product><product>Huawei Campus S7700 V200R003C00SPC300</product><product>Huawei Campus S9300 V200R001C00SPC300</product><product>Huawei Campus S9300 V200R002C00SPC100</product><product>Huawei Campus S9300 V200R003C00SPC500</product><product>Huawei Campus S7700 V200R003C00SPC500</product><product>Huawei Campus S9700 V200R001C00SPC300</product><product>Huawei Campus S9700 V200R002C00SPC100</product><product>Huawei Campus S9700 V200R003C00SPC500</product><product>Huawei Campus S5300 V200R001C00SPC300</product><product>Huawei Campus S5300 V200R002C00SPC100</product><product>Huawei Campus S5300 V200R003C00SPC300</product><product>Huawei Campus S5700 V200R001C00SPC300</product><product>Huawei Campus S5700 V200R002C00SPC100</product><product>Huawei Campus S5700 V200R003C00SPC300</product><product>Huawei Campus S6300 V200R001C00SPC300</product><product>Huawei Campus S6300 V200R002C00SPC100</product><product>Huawei Campus S6300 V200R003C00SPC300</product><product>Huawei Campus S6700 V200R001C00SPC300</product><product>Huawei Campus S6700 V200R002C00SPC100</product><product>Huawei Campus S6700 V200R003C00SPC300</product><product>Huawei WLAN 6605 V200R003C00SPC100</product><product>Huawei WLAN 6605 V200R003C00SPC200</product><product>Huawei WLAN 6605 V200R003C00SPC300</product><product>Huawei WLAN 6605 V200R003C00SPC500</product><product>Huawei WLAN 6605 V200R005C00SPC100</product><product>Huawei WLAN AC6005 V200R003C00SPC100</product><product>Huawei WLAN AC6005 V200R003C00SPC200</product><product>Huawei WLAN AC6005 V200R003C00SPC300</product><product>Huawei WLAN AC6005 V200R003C00SPC500</product><product>Huawei WLAN AC6005 V200R005C00SPC100</product><product>Huawei WLAN ACU2 V200R005C00SPC100</product></products><isEvent>通用软硬件漏洞</isEvent><submitTime>2018-02-01</submitTime><openTime>2018-02-23</openTime><discovererName>Huawei</discovererName><referenceLink>http://secunia.com/advisories/59349&#xD;
http://www.huawei.com/en/security/psirt/security-bulletins/security-advisories/hw-345171.htm</referenceLink><formalWay>目前厂商已发布升级补丁以修复漏洞，补丁获取链接：&#xD;
http://www.huawei.com/en/psirt/security-advisories/hw-345171</formalWay><description>Huawei Campus S9300等都是中国华为（Huawei）公司的产品。Campus S9300等都是交换机设备。WLAN AC6005等都是接入控制器设备。eSap software platform是运行在其中的一套ESAP软件平台。&#xD;
&#xD;
多款Huawei产品中的eSap software platform存在堆缓冲区溢出漏洞。远程攻击者可借助数据包中特制的length字段利用该漏洞造成拒绝服务（设备重启）。</description><patchName>多款Huawei产品eSap software platform堆缓冲区溢出漏洞的补丁</patchName><patchDescription>Huawei Campus S9300等都是中国华为（Huawei）公司的产品。Campus S9300等都是交换机设备。WLAN AC6005等都是接入控制器设备。eSap software platform是运行在其中的一套ESAP软件平台。&#xD;
&#xD;
多款Huawei产品中的eSap software platform存在堆缓冲区溢出漏洞。远程攻击者可借助数据包中特制的length字段利用该漏洞造成拒绝服务（设备重启）。目前，供应商发布了安全公告及相关补丁信息，修复了此漏洞。</patchDescription></vulnerability><vulnerability><number>CNVD-2018-03421</number><cves><cve><cveNumber>CVE-2018-6355</cveNumber></cve></cves><title>iBall 300M跨站脚本漏洞</title><serverity>中</serverity><products><product>iBall 300M devices </product></products><isEvent>通用软硬件漏洞</isEvent><submitTime>2018-02-01</submitTime><openTime>2018-02-23</openTime><discovererName>unknown</discovererName><referenceLink>https://gist.github.com/MayurUdiniya/597169f582e506b610beb4e84fd8c8fc</referenceLink><formalWay>目前没有详细的解决方案提供：&#xD;
https://www.iball.co.in</formalWay><description>iBall 300M是印度iBall公司的一款无线路由器产品。&#xD;
&#xD;
使用iB-WRB302N_1.0.1-Sep 8 2017版本固件的iBall 300M的/goform/setLang存在跨站脚本漏洞。远程攻击者可借助‘lang’参数利用该漏洞注入任意的Web脚本或HTML。</description></vulnerability><vulnerability><number>CNVD-2018-03420</number><cves><cve><cveNumber>CVE-2011-2902</cveNumber></cve></cves><title>Debian unstable和Debian squeeze Xpdf任意文件删除漏洞</title><serverity>中</serverity><products><product>Debian Xpdf(for unstable) &lt;3.02-19</product><product>Debian Xpdf(for squeeze) &lt;3.02-12+squeeze1</product></products><isEvent>通用软硬件漏洞</isEvent><submitTime>2018-02-01</submitTime><openTime>2018-02-23</openTime><discovererName>unknown</discovererName><referenceLink>http://www.openwall.com/lists/oss-security/2014/02/08/5</referenceLink><formalWay>目前厂商已发布升级补丁以修复漏洞，补丁获取链接：&#xD;
https://bugs.debian.org/cgi-bin/bugreport.cgi?bug=635849</formalWay><description>Debian unstable和Debian squeeze都是Debian Project合作组织创建的以Linux或FreeBSD为内核的自由操作系统。foo2zjs是其中的一个打印机驱动程序。Xpdf是集成在其中的一款开源的PDF阅读器。zxpdf是其中的一个命令脚本。&#xD;
&#xD;
Debian unstable中的Xpdf 3.02-19之前版本和Debian squeeze中的Xpdf 3.02-12+squeeze1之前版本的zxpdf存在安全漏洞，该漏洞源于程序未安全的删除临时文件。远程攻击者可借助特制的.pdf.gz文件名利用该漏洞删除任意文件。</description><patchName>Debian unstable和Debian squeeze Xpdf任意文件删除漏洞的补丁</patchName><patchDescription>Debian unstable和Debian squeeze都是Debian Project合作组织创建的以Linux或FreeBSD为内核的自由操作系统。foo2zjs是其中的一个打印机驱动程序。Xpdf是集成在其中的一款开源的PDF阅读器。zxpdf是其中的一个命令脚本。&#xD;
&#xD;
Debian unstable中的Xpdf 3.02-19之前版本和Debian squeeze中的Xpdf 3.02-12+squeeze1之前版本的zxpdf存在安全漏洞，该漏洞源于程序未安全的删除临时文件。远程攻击者可借助特制的.pdf.gz文件名利用该漏洞删除任意文件。目前，供应商发布了安全公告及相关补丁信息，修复了此漏洞。</patchDescription></vulnerability><vulnerability><number>CNVD-2018-03419</number><cves><cve><cveNumber>CVE-2016-6598</cveNumber></cve></cves><title>BMC Track-It!代码执行漏洞</title><serverity>高</serverity><products><product>BMC Track-It! 11.4(&lt;11.4 Hotfix 3)</product></products><isEvent>通用软硬件漏洞</isEvent><submitTime>2018-02-01</submitTime><openTime>2018-02-23</openTime><discovererName>unknown</discovererName><referenceLink>http://packetstormsecurity.com/files/146110/BMC-Track-It-11.4-Code-Execution-Information-Disclosure.html</referenceLink><formalWay>目前厂商已发布升级补丁以修复漏洞，补丁获取链接：&#xD;
https://communities.bmc.com/community/bmcdn/bmc_track-it/blog/2016/01/04/track-it-security-advisory-24-dec-2015</formalWay><description>BMC Track-It!是美国BMC Software公司的一套专为中小企业提供的全面集成的IT帮助台和资产管理解决方案。该方案提供工单跟踪、变更管理、流程自动化、资产清单和资产管理等功能。&#xD;
&#xD;
BMC Track-It! 11.4 Hotfix 3之前的11.4版本中存在安全漏洞。攻击者可利用该漏洞向任意路径上传文件并以NETWORK SERVICE或SYSTEM权限执行代码。</description><patchName>BMC Track-It!代码执行漏洞的补丁</patchName><patchDescription>BMC Track-It!是美国BMC Software公司的一套专为中小企业提供的全面集成的IT帮助台和资产管理解决方案。该方案提供工单跟踪、变更管理、流程自动化、资产清单和资产管理等功能。&#xD;
&#xD;
BMC Track-It! 11.4 Hotfix 3之前的11.4版本中存在安全漏洞。攻击者可利用该漏洞向任意路径上传文件并以NETWORK SERVICE或SYSTEM权限执行代码。目前，供应商发布了安全公告及相关补丁信息，修复了此漏洞。</patchDescription></vulnerability><vulnerability><number>CNVD-2018-03418</number><cves><cve><cveNumber>CVE-2016-6599</cveNumber></cve></cves><title>BMC Track-It!信息泄露漏洞</title><serverity>中</serverity><products><product>BMC Track-It! 11.4(&lt;11.4 Hotfix 3)</product></products><isEvent>通用软硬件漏洞</isEvent><submitTime>2018-02-01</submitTime><openTime>2018-02-23</openTime><discovererName>unknown</discovererName><referenceLink>http://packetstormsecurity.com/files/146110/BMC-Track-It-11.4-Code-Execution-Information-Disclosure.html</referenceLink><formalWay>目前厂商已发布升级补丁以修复漏洞，补丁获取链接：&#xD;
https://communities.bmc.com/community/bmcdn/bmc_track-it/blog/2016/01/04/track-it-security-advisory-24-dec-2015</formalWay><description>BMC Track-It!是美国BMC Software公司的一套专为中小企业提供的全面集成的IT帮助台和资产管理解决方案。该方案提供工单跟踪、变更管理、流程自动化、资产清单和资产管理等功能。&#xD;
&#xD;
BMC Track-It! 11.4 Hotfix 3之前的11.4版本中存在安全漏洞。攻击者可利用该漏洞检索配置文件（包含：数据库名称、用户名、密码、域管理员名和密码）。</description><patchName>BMC Track-It!信息泄露漏洞的补丁</patchName><patchDescription>BMC Track-It!是美国BMC Software公司的一套专为中小企业提供的全面集成的IT帮助台和资产管理解决方案。该方案提供工单跟踪、变更管理、流程自动化、资产清单和资产管理等功能。&#xD;
&#xD;
BMC Track-It! 11.4 Hotfix 3之前的11.4版本中存在安全漏洞。攻击者可利用该漏洞检索配置文件（包含：数据库名称、用户名、密码、域管理员名和密码）。目前，供应商发布了安全公告及相关补丁信息，修复了此漏洞。</patchDescription></vulnerability><vulnerability><number>CNVD-2018-03441</number><cves><cve><cveNumber>CVE-2017-18083</cveNumber></cve></cves><title>Atlassian Confluence Server跨站脚本漏洞</title><serverity>低</serverity><products><product>Atlassian Confluence Server &lt;6.4.0</product></products><isEvent>通用软硬件漏洞</isEvent><submitTime>2018-02-07</submitTime><openTime>2018-02-24</openTime><discovererName>Veit Hailperin (@fenceposterror) </discovererName><referenceLink>https://jira.atlassian.com/browse/CONFSERVER-54903</referenceLink><formalWay>目前厂商已发布升级补丁以修复漏洞，补丁获取链接：&#xD;
https://jira.atlassian.com/browse/CONFSERVER-54903</formalWay><description>Atlassian Confluence Server是澳大利亚Atlassian公司的一套专业的企业知识管理与协同软件，也可以用于构建企业WiKi。该软件可实现团队成员之间的协作和知识共享。&#xD;
&#xD;
Atlassian Confluence Server 6.4.0之前版本中的editinword resource存在跨站脚本漏洞。远程攻击者可借助上传文件中的内容利用该漏洞注入任意的HTML或JavaScript代码。</description><patchName>Atlassian Confluence Server跨站脚本漏洞的补丁</patchName><patchDescription>Atlassian Confluence Server是澳大利亚Atlassian公司的一套专业的企业知识管理与协同软件，也可以用于构建企业WiKi。该软件可实现团队成员之间的协作和知识共享。&#xD;
&#xD;
Atlassian Confluence Server 6.4.0之前版本中的editinword resource存在跨站脚本漏洞。远程攻击者可借助上传文件中的内容利用该漏洞注入任意的HTML或JavaScript代码。目前，供应商发布了安全公告及相关补丁信息，修复了此漏洞。</patchDescription></vulnerability><vulnerability><number>CNVD-2018-03442</number><cves><cve><cveNumber>CVE-2017-18084</cveNumber></cve></cves><title>Atlassian Confluence Server跨站脚本漏洞（CNVD-2018-03442）</title><serverity>低</serverity><products><product>Atlassian Confluence Server &lt;6.3.4</product></products><isEvent>通用软硬件漏洞</isEvent><submitTime>2018-02-07</submitTime><openTime>2018-02-24</openTime><discovererName>Veit Hailperin (@fenceposterror) </discovererName><referenceLink>https://jira.atlassian.com/browse/CONFSERVER-54904</referenceLink><formalWay>目前厂商已发布升级补丁以修复漏洞，补丁获取链接：&#xD;
https://jira.atlassian.com/browse/CONFSERVER-54904</formalWay><description>Atlassian Confluence Server是澳大利亚Atlassian公司的一套专业的企业知识管理与协同软件，也可以用于构建企业WiKi。该软件可实现团队成员之间的协作和知识共享。&#xD;
&#xD;
Atlassian Confluence Server 6.3.4之前版本中的usermacros resource存在跨站脚本漏洞。远程攻击者可利用该漏洞注入任意的HTML或JavaScript代码。</description><patchName>Atlassian Confluence Server跨站脚本漏洞（CNVD-2018-03442）的补丁</patchName><patchDescription>Atlassian Confluence Server是澳大利亚Atlassian公司的一套专业的企业知识管理与协同软件，也可以用于构建企业WiKi。该软件可实现团队成员之间的协作和知识共享。&#xD;
&#xD;
Atlassian Confluence Server 6.3.4之前版本中的usermacros resource存在跨站脚本漏洞。远程攻击者可利用该漏洞注入任意的HTML或JavaScript代码。目前，供应商发布了安全公告及相关补丁信息，修复了此漏洞。</patchDescription></vulnerability><vulnerability><number>CNVD-2018-03443</number><cves><cve><cveNumber>CVE-2017-18085</cveNumber></cve></cves><title>Atlassian Confluence Server跨站脚本漏洞（CNVD-2018-03443）</title><serverity>中</serverity><products><product>Atlassian Confluence Server &lt;6.6.1</product></products><isEvent>通用软硬件漏洞</isEvent><submitTime>2018-02-07</submitTime><openTime>2018-02-24</openTime><discovererName>Veit Hailperin (@fenceposterror) </discovererName><referenceLink>https://jira.atlassian.com/browse/CONFSERVER-54905</referenceLink><formalWay>目前厂商已发布升级补丁以修复漏洞，补丁获取链接：&#xD;
https://jira.atlassian.com/browse/CONFSERVER-54905</formalWay><description>Atlassian Confluence Server是澳大利亚Atlassian公司的一套专业的企业知识管理与协同软件，也可以用于构建企业WiKi。该软件可实现团队成员之间的协作和知识共享。&#xD;
&#xD;
Atlassian Confluence Server 6.6.1之前的版本中的viewdefaultdecorator resource存在跨站脚本漏洞。远程攻击者可借助‘key’参数利用该漏洞注入任意的HTML或JavaScript代码。</description><patchName>Atlassian Confluence Server跨站脚本漏洞（CNVD-2018-03443）的补丁</patchName><patchDescription>Atlassian Confluence Server是澳大利亚Atlassian公司的一套专业的企业知识管理与协同软件，也可以用于构建企业WiKi。该软件可实现团队成员之间的协作和知识共享。&#xD;
&#xD;
Atlassian Confluence Server 6.6.1之前的版本中的viewdefaultdecorator resource存在跨站脚本漏洞。远程攻击者可借助‘key’参数利用该漏洞注入任意的HTML或JavaScript代码。目前，供应商发布了安全公告及相关补丁信息，修复了此漏洞。</patchDescription></vulnerability><vulnerability><number>CNVD-2018-03444</number><cves><cve><cveNumber>CVE-2017-18086</cveNumber></cve></cves><title>Atlassian Confluence Server跨站脚本漏洞（CNVD-2018-03444）</title><serverity>中</serverity><products><product>Atlassian Confluence Server 6.4.2</product></products><isEvent>通用软硬件漏洞</isEvent><submitTime>2018-02-07</submitTime><openTime>2018-02-24</openTime><discovererName>Veit Hailperin (@fenceposterror) </discovererName><referenceLink>https://jira.atlassian.com/browse/CONFSERVER-54907</referenceLink><formalWay>目前厂商已发布升级补丁以修复漏洞，补丁获取链接：&#xD;
https://jira.atlassian.com/browse/CONFSERVER-54907</formalWay><description>Atlassian Confluence Server是澳大利亚Atlassian公司的一套专业的企业知识管理与协同软件，也可以用于构建企业WiKi。该软件可实现团队成员之间的协作和知识共享。&#xD;
&#xD;
Atlassian Confluence Server 6.4.2之前版本中的‘issuesURL’参数存在跨站脚本漏洞。远程攻击者可利用该漏洞注入任意的HTML或JavaScript代码。</description><patchName>Atlassian Confluence Server跨站脚本漏洞（CNVD-2018-03444）的补丁</patchName><patchDescription>Atlassian Confluence Server是澳大利亚Atlassian公司的一套专业的企业知识管理与协同软件，也可以用于构建企业WiKi。该软件可实现团队成员之间的协作和知识共享。&#xD;
&#xD;
Atlassian Confluence Server 6.4.2之前版本中的‘issuesURL’参数存在跨站脚本漏洞。远程攻击者可利用该漏洞注入任意的HTML或JavaScript代码。目前，供应商发布了安全公告及相关补丁信息，修复了此漏洞。</patchDescription></vulnerability><vulnerability><number>CNVD-2018-03440</number><cves><cve><cveNumber>CVE-2018-6575</cveNumber></cve></cves><title>Joomla! JEXTN Classified SQL注入漏洞</title><serverity>高</serverity><products><product>Joomla! JEXTN Classified 1.0.0</product></products><isEvent>通用软硬件漏洞</isEvent><submitTime>2018-02-07</submitTime><openTime>2018-02-24</openTime><discovererName>Ihsan Sencan</discovererName><referenceLink>https://www.exploit-db.com/exploits/43957</referenceLink><formalWay>目前厂商暂未发布修复措施解决此安全问题，建议使用此软件的用户随时关注厂商主页或参考网址以获取解决办法：&#xD;
https://extensions.joomla.org/extensions/extension/ads-a-affiliates/classified-ads/jextn-classified/</formalWay><description>Joomla!是美国Open Source Matters团队开发的一套开源的内容管理系统(CMS)，该系统提供RSS馈送、网站搜索等功能。JEXTN Classified component是使用在其中的一个分类目录组件。&#xD;
&#xD;
Joomla! JEXTN Classified 1.0.0版本中存在SQL注入漏洞。远程攻击者可通过发送view=boutique&amp;sid=请求利用该漏洞注入SQL命令。</description></vulnerability><vulnerability><number>CNVD-2018-03437</number><cves><cve><cveNumber>CVE-2018-6577</cveNumber></cve></cves><title>Joomla! JEXTN Membership SQL注入漏洞</title><serverity>高</serverity><products><product>Joomla! JEXTN Membership 3.1.0</product></products><isEvent>通用软硬件漏洞</isEvent><submitTime>2018-02-07</submitTime><openTime>2018-02-24</openTime><discovererName>Ihsan Sencan</discovererName><referenceLink>https://www.exploit-db.com/exploits/43940</referenceLink><formalWay>目前厂商暂未发布修复措施解决此安全问题，建议使用此软件的用户随时关注厂商主页或参考网址以获取解决办法：&#xD;
https://extensions.joomla.org/extensions/extension/e-commerce/membership-a-subscriptions/jextn-membership/</formalWay><description>Joomla!是美国Open Source Matters团队开发的一套开源的内容管理系统(CMS)，该系统提供RSS馈送、网站搜索等功能。JEXTN Membership component是使用在其中的一套电子商务组件。&#xD;
&#xD;
Joomla! JEXTN Membership 3.1.0版本中存在SQL注入漏洞。远程攻击者可借助view=myplans&amp;task=myplans.usersubscriptions请求中的‘usr_plan’参数利用该漏洞注入SQL命令。</description></vulnerability><vulnerability><number>CNVD-2018-03438</number><cves><cve><cveNumber>CVE-2018-6578</cveNumber></cve></cves><title>Joomla! JE PayperVideo SQL注入漏洞</title><serverity>高</serverity><products><product>Joomla! JE PayperVideo 3.0.0</product></products><isEvent>通用软硬件漏洞</isEvent><submitTime>2018-02-07</submitTime><openTime>2018-02-24</openTime><discovererName>Ihsan Sencan</discovererName><referenceLink>https://www.exploit-db.com/exploits/43948</referenceLink><formalWay>目前厂商暂未发布修复措施解决此安全问题，建议使用此软件的用户随时关注厂商主页或参考网址以获取解决办法：&#xD;
https://extensions.joomla.org/extensions/extension/multimedia/multimedia-players/je-paypervideo/</formalWay><description>Joomla!是美国Open Source Matters团队开发的一套开源的内容管理系统(CMS)，该系统提供RSS馈送、网站搜索等功能。JE PayperVideo component是使用在其中的一个多媒体播放组件。&#xD;
&#xD;
Joomla! JE PayperVideo 3.0.0版本中存在SQL注入漏洞。远程攻击者可借助view=myplans&amp;task=myplans.usersubscriptions请求中的‘usr_plan’参数利用该漏洞注入SQL命令。</description></vulnerability><vulnerability><number>CNVD-2018-03439</number><cves><cve><cveNumber>CVE-2018-6579</cveNumber></cve></cves><title>Joomla! JEXTN Reverse Auction SQL注入漏洞</title><serverity>高</serverity><products><product>Joomla! JEXTN Reverse Auction 3.1.0</product></products><isEvent>通用软硬件漏洞</isEvent><submitTime>2018-02-07</submitTime><openTime>2018-02-24</openTime><discovererName>Ihsan Sencan</discovererName><referenceLink>https://www.exploit-db.com/exploits/43950</referenceLink><formalWay>目前厂商暂未发布修复措施解决此安全问题，建议使用此软件的用户随时关注厂商主页或参考网址以获取解决办法：&#xD;
https://extensions.joomla.org/extensions/extension/e-commerce/auction/jextn-reverse-auction/</formalWay><description>Joomla!是美国Open Source Matters团队开发的一套开源的内容管理系统(CMS)，该系统提供RSS馈送、网站搜索等功能。JEXTN Reverse Auction component是使用在其中的一个在线拍卖组件。&#xD;
&#xD;
Joomla! JEXTN Reverse Auction 3.1.0版本中存在SQL注入漏洞。远程攻击者可通过发送view=products&amp;uid=请求利用该漏洞注入SQL命令。</description></vulnerability><vulnerability><number>CNVD-2018-03435</number><cves><cve><cveNumber>CVE-2018-7285</cveNumber></cve></cves><title>Digium Asterisk Open Source和Certified Asterisk身份验证漏洞</title><serverity>中</serverity><products><product>Digium Asterisk Open Source 13.*，14.*，15.*</product><product>Digium Asterisk Open Source 14.*</product><product>Digium Asterisk Open Source 15.*</product><product>Digium Certified Asterisk 13.18</product></products><isEvent>通用软硬件漏洞</isEvent><submitTime>2018-02-23</submitTime><openTime>2018-02-24</openTime><discovererName>Joshua Colp &lt;jcolp AT digium DOT com&gt;</discovererName><referenceLink>http://seclists.org/fulldisclosure/2018/Feb/61</referenceLink><formalWay>目前厂商已经发布了升级补丁以修复此安全问题，补丁获取链接：&#xD;
http://downloads.asterisk.org/pub/security/AST-2018-001.html</formalWay><description>Digium Asterisk Open Source和Certified Asterisk都是美国Digium公司的开源电话交换机（PBX）系统软件。该软件支持语音信箱、多方语音会议、交互式语音应答(IVR)等。 &#xD;
&#xD;
Digium Asterisk Open Source和Certified Asterisk存在身份验证漏洞，攻击者可利用该漏洞导致拒绝服务攻击。</description><patchName>Digium Asterisk Open Source和Certified Asterisk身份验证漏洞的补丁</patchName><patchDescription>Digium Asterisk Open Source和Certified Asterisk都是美国Digium公司的开源电话交换机（PBX）系统软件。该软件支持语音信箱、多方语音会议、交互式语音应答(IVR)等。 &#xD;
&#xD;
Digium Asterisk Open Source和Certified Asterisk存在身份验证漏洞，攻击者可利用该漏洞导致拒绝服务攻击。目前，供应商发布了安全公告及相关补丁信息，修复了此漏洞。</patchDescription></vulnerability><vulnerability><number>CNVD-2018-03436</number><cves><cve><cveNumber>CVE-2018-4124</cveNumber></cve></cves><title>Apple iOS/watchOS/tvOS/macOS High Sierra内存破坏漏洞</title><serverity>高</serverity><products><product>Apple IOS 11.2.6</product><product>Apple macOS High Sierra 10.13.3 </product><product>Apple tvOS 11.2.6</product><product>Apple watchOS 4.2.3</product></products><isEvent>通用软硬件漏洞</isEvent><submitTime>2018-02-23</submitTime><openTime>2018-02-24</openTime><discovererName>an anonymous researcher</discovererName><referenceLink>http://seclists.org/fulldisclosure/2018/Feb/53</referenceLink><formalWay>目前厂商已经发布了升级补丁以修复此安全问题，补丁获取链接： &#xD;
https://support.apple.com/zh-cn/HT201222</formalWay><description>Apple iOS是由苹果公司为iPhone开发的操作系统。watchOS是Apple Watch的操作系统。tvOS是Apple TV设计系统，基于iOS。Mac OS是一套运行于苹果Macintosh系列电脑上的操作系统。&#xD;
&#xD;
Apple iOS/watchOS/tvOS/macOS High Sierra存在内存破坏漏洞，攻击可利用该漏洞执行任意代码或造成拒绝服务（内存破坏）。&#xD;
</description><patchName>Apple iOS/watchOS/tvOS/macOS High Sierra内存破坏漏洞的补丁</patchName><patchDescription>Apple iOS是由苹果公司为iPhone开发的操作系统。watchOS是Apple Watch的操作系统。tvOS是Apple TV设计系统，基于iOS。Mac OS是一套运行于苹果Macintosh系列电脑上的操作系统。&#xD;
&#xD;
Apple iOS/watchOS/tvOS/macOS High Sierra存在内存破坏漏洞，攻击可利用该漏洞执行任意代码或造成拒绝服务（内存破坏）。目前，供应商发布了安全公告及相关补丁信息，修复了此漏洞。</patchDescription></vulnerability><vulnerability><number>CNVD-2018-03431</number><cves><cve><cveNumber>CVE-2010-3131</cveNumber></cve></cves><title>Mozilla Firefox/Thunderbird/SeaMonkey不可信搜索路径漏洞</title><serverity>高</serverity><products><product>Mozilla seamonkey 2.0.7</product><product>Mozilla Firefox &lt;3.5.12</product><product>Mozilla Firefox 3.6.*&lt;3.6.9</product><product>Mozilla Thunderbird &lt;3.0.7</product><product>Mozilla Thunderbird 3.1.*&lt;3.1.3</product></products><isEvent>通用软硬件漏洞</isEvent><submitTime>2018-02-23</submitTime><openTime>2018-02-24</openTime><discovererName>Haifei Li, Acros Security</discovererName><referenceLink>https://bugzilla.mozilla.org/show_bug.cgi?id=579593</referenceLink><formalWay>目前厂商已经发布了升级补丁以修复此安全问题，补丁获取链接：&#xD;
http://www.mozilla.org/security/announce/2010/mfsa2010-52.html </formalWay><description>Mozilla Firefox是美国Mozilla基金会开发的一款开源Web浏览器。Thunderbird是美国Mozilla基金会开发的从Mozilla Application Suite独立出来的电子邮件客户端软件，支持IMAP、POP邮件协议以及HTML邮件格式。Mozilla SeaMonkey是美国Mozilla基金会开发的一个免费、开源以及跨平台的网络套装软件。&#xD;
&#xD;
Mozilla Firefox 3.5.12之前版本和3.6.9之前的3.6.x版本，Thunderbird 3.0.7之前版本以及3.1.3之前的3.1.x版本以及SeaMonkey 2.0.7之前版本中存在不可信搜索路径漏洞。远程攻击者可借助与.htm，.html，.jtx，.mfp或.eml文件位于相同文件夹中的dwmapi.dll木马执行任意代码和DLL劫持攻击。</description><patchName>Mozilla Firefox/Thunderbird/SeaMonkey不可信搜索路径漏洞的补丁</patchName><patchDescription>Mozilla Firefox是美国Mozilla基金会开发的一款开源Web浏览器。Thunderbird是美国Mozilla基金会开发的从Mozilla Application Suite独立出来的电子邮件客户端软件，支持IMAP、POP邮件协议以及HTML邮件格式。Mozilla SeaMonkey是美国Mozilla基金会开发的一个免费、开源以及跨平台的网络套装软件。&#xD;
&#xD;
Mozilla Firefox 3.5.12之前版本和3.6.9之前的3.6.x版本，Thunderbird 3.0.7之前版本以及3.1.3之前的3.1.x版本以及SeaMonkey 2.0.7之前版本中存在不可信搜索路径漏洞。远程攻击者可借助与.htm，.html，.jtx，.mfp或.eml文件位于相同文件夹中的dwmapi.dll木马执行任意代码和DLL劫持攻击。目前，供应商发布了安全公告及相关补丁信息，修复了此漏洞。</patchDescription></vulnerability><vulnerability><number>CNVD-2018-03432</number><cves><cve><cveNumber>CVE-2018-7261</cveNumber></cve></cves><title>Radiant CMS跨站脚本漏洞</title><serverity>中</serverity><products><product>Radiant Radiant 1.1.4</product></products><isEvent>通用软硬件漏洞</isEvent><submitTime>2018-02-23</submitTime><openTime>2018-02-24</openTime><discovererName>Suparna Kachroo (@Sud0__su)</discovererName><referenceLink>http://seclists.org/bugtraq/2018/Feb/52</referenceLink><formalWay>厂商尚未提供漏洞修复方案，请关注厂商主页及时更新：&#xD;
http://radiantcms.org/</formalWay><description>Radiant CMS是一套专为小型团队设计的免费开源的内容管理系统。&#xD;
&#xD;
Radiant CMS 1.1.4版本存在跨站脚本漏洞，该漏洞是由于系统对用户提供的数据未能有效的过滤。攻击者可利用该漏洞在受影响的浏览器上执行任意脚本及代码。&#xD;
</description></vulnerability><vulnerability><number>CNVD-2018-03426</number><cves><cve><cveNumber>CVE-2018-7274</cveNumber></cve></cves><title>Quarx CMS跨站脚本漏洞</title><serverity>中</serverity><products><product>Quarx Quarx CMS 2.4.3 </product></products><isEvent>通用软硬件漏洞</isEvent><submitTime>2018-02-23</submitTime><openTime>2018-02-24</openTime><discovererName>Preethi Koroth (@p3core0ath)</discovererName><referenceLink>http://seclists.org/bugtraq/2018/Feb/53</referenceLink><formalWay>目前厂商已经发布了升级补丁以修复此安全问题，详情请关注厂商主页： &#xD;
https://docs.quarxcms.com/</formalWay><description>Quarx是Laravel应用程序的一个CMS，可用于自定义CMS的模块构建器，也是一个模块发布工具。&#xD;
&#xD;
Quarx CMS存在跨站脚本漏洞，该漏洞是由于系统对用户提供的输入未能严格过滤。攻击者可利用该漏洞插入跨站代码，获取管理员cookie等敏感信息。&#xD;
</description><patchName>Quarx CMS跨站脚本漏洞的补丁</patchName><patchDescription>Quarx是Laravel应用程序的一个CMS，可用于自定义CMS的模块构建器，也是一个模块发布工具。&#xD;
&#xD;
Quarx CMS存在跨站脚本漏洞，该漏洞是由于系统对用户提供的输入未能严格过滤。攻击者可利用该漏洞插入跨站代码，获取管理员cookie等敏感信息。目前，供应商发布了安全公告及相关补丁信息，修复了此漏洞。</patchDescription></vulnerability><vulnerability><number>CNVD-2018-03427</number><cves><cve><cveNumber>CVE-2018-0121</cveNumber></cve></cves><title>Cisco Elastic Services Controller Software身份验证绕过漏洞</title><serverity>高</serverity><products><product>Cisco Elastic Services Controllers 3.0.0</product></products><isEvent>通用软硬件漏洞</isEvent><submitTime>2018-02-23</submitTime><openTime>2018-02-24</openTime><discovererName>Cisco</discovererName><referenceLink>https://tools.cisco.com/security/center/content/CiscoSecurityAdvisory/cisco-sa-20180221-esc</referenceLink><formalWay>目前厂商已发布升级补丁以修复漏洞，补丁获取链接：&#xD;
https://tools.cisco.com/security/center/content/CiscoSecurityAdvisory/cisco-sa-20180221-esc</formalWay><description>Cisco Elastic Services Controller Software（ESC）是美国思科（Cisco）公司的一套开源的用于管理虚拟资源的模块化系统。&#xD;
&#xD;
Cisco Elastic ESC 3.0.0版本中基于Web的业务门户的身份验证功能存在身份验证绕过漏洞，该漏洞源于不正确的安全限制。远程攻击者可通过向受影响的门户提交空密码利用该漏洞绕过身份验证，并获取基于Web服务门户的管理员权限。</description><patchName>Cisco Elastic Services Controller Software身份验证绕过漏洞的补丁</patchName><patchDescription>Cisco Elastic Services Controller Software（ESC）是美国思科（Cisco）公司的一套开源的用于管理虚拟资源的模块化系统。&#xD;
&#xD;
Cisco Elastic ESC 3.0.0版本中基于Web的业务门户的身份验证功能存在身份验证绕过漏洞，该漏洞源于不正确的安全限制。远程攻击者可通过向受影响的门户提交空密码利用该漏洞绕过身份验证，并获取基于Web服务门户的管理员权限。目前，供应商发布了安全公告及相关补丁信息，修复了此漏洞。</patchDescription></vulnerability><vulnerability><number>CNVD-2018-03428</number><cves><cve><cveNumber>CVE-2018-0124</cveNumber></cve></cves><title>Cisco Unified Communications Domain Manager远程代码执行漏洞</title><serverity>高</serverity><products><product>Cisco Unified Communications Domain Manager &lt;11.5(2)</product></products><isEvent>通用软硬件漏洞</isEvent><submitTime>2018-02-23</submitTime><openTime>2018-02-24</openTime><discovererName>Cisco</discovererName><referenceLink>https://tools.cisco.com/security/center/content/CiscoSecurityAdvisory/cisco-sa-20180221-ucdm</referenceLink><formalWay>目前厂商已发布升级补丁以修复漏洞，补丁获取链接：&#xD;
https://tools.cisco.com/security/center/content/CiscoSecurityAdvisory/cisco-sa-20180221-ucdm</formalWay><description>Cisco Unified Communications Domain Manager（CUCDM）是美国思科（Cisco）公司开发的一款专用于统一通信解决方案中的呼叫处理组件。该组件具备可扩展、可分布、高度可用的企业IP语音呼叫处理功能。&#xD;
&#xD;
Cisco Unified Communications Domain Manager 11.5(2)之前版本中存在远程代码执行漏洞，该漏洞源于程序在应用程序配置过程中生成不安全的密钥。远程攻击者可通过使用不安全的密钥发送任意请求利用该漏洞执行任意代码。</description><patchName>Cisco Unified Communications Domain Manager远程代码执行漏洞的补丁</patchName><patchDescription>Cisco Unified Communications Domain Manager（CUCDM）是美国思科（Cisco）公司开发的一款专用于统一通信解决方案中的呼叫处理组件。该组件具备可扩展、可分布、高度可用的企业IP语音呼叫处理功能。&#xD;
&#xD;
Cisco Unified Communications Domain Manager 11.5(2)之前版本中存在远程代码执行漏洞，该漏洞源于程序在应用程序配置过程中生成不安全的密钥。远程攻击者可通过使用不安全的密钥发送任意请求利用该漏洞执行任意代码。目前，供应商发布了安全公告及相关补丁信息，修复了此漏洞。</patchDescription></vulnerability><vulnerability><number>CNVD-2018-03429</number><cves><cve><cveNumber>CVE-2018-0130</cveNumber></cve></cves><title>Cisco Elastic Services Controller Software未授权访问漏洞</title><serverity>高</serverity><products><product>Cisco Elastic Services Controllers 3.0.0</product></products><isEvent>通用软硬件漏洞</isEvent><submitTime>2018-02-23</submitTime><openTime>2018-02-24</openTime><discovererName>Cisco</discovererName><referenceLink>https://tools.cisco.com/security/center/content/CiscoSecurityAdvisory/cisco-sa-20180221-esc1</referenceLink><formalWay>目前厂商已发布升级补丁以修复漏洞，补丁获取链接：&#xD;
https://tools.cisco.com/security/center/content/CiscoSecurityAdvisory/cisco-sa-20180221-esc1 </formalWay><description>Cisco Elastic Services Controller Software（ESC）是美国思科（Cisco）公司的一套开源的用于管理虚拟资源的模块化系统。service portal是其中的一个基于Web的业务系统门户。&#xD;
&#xD;
Cisco ESC 3.0.0版本中基于Web的业务门户的JSON Web令牌使用存在未授权漏洞，该漏洞源于程序为基于Web的服务门户使用了静态的默认凭证。远程攻击攻击者可通过从受影响软件的图像中提取凭证，并使用这些凭证创建有效的管理会话令牌利用该漏洞获取基于Web服务门户的管理权限。</description><patchName>Cisco Elastic Services Controller Software未授权访问漏洞的补丁</patchName><patchDescription>Cisco Elastic Services Controller Software（ESC）是美国思科（Cisco）公司的一套开源的用于管理虚拟资源的模块化系统。service portal是其中的一个基于Web的业务系统门户。&#xD;
&#xD;
Cisco ESC 3.0.0版本中基于Web的业务门户的JSON Web令牌使用存在未授权漏洞，该漏洞源于程序为基于Web的服务门户使用了静态的默认凭证。远程攻击攻击者可通过从受影响软件的图像中提取凭证，并使用这些凭证创建有效的管理会话令牌利用该漏洞获取基于Web服务门户的管理权限。目前，供应商发布了安全公告及相关补丁信息，修复了此漏洞。</patchDescription></vulnerability><vulnerability><number>CNVD-2018-03430</number><cves><cve><cveNumber>CVE-2018-7313</cveNumber></cve></cves><title>Joomla! Component CW Tags SQL注入漏洞</title><serverity>高</serverity><products><product>Joomla! Component CW Tags 2.0.6</product></products><isEvent>通用软硬件漏洞</isEvent><submitTime>2018-02-23</submitTime><openTime>2018-02-24</openTime><discovererName>Ihsan Sencan</discovererName><referenceLink>http://www.exploitalert.com/view-details.html?id=28980</referenceLink><formalWay>厂商尚未提供漏洞修复方案，请关注厂商主页及时更新：&#xD;
https://extensions.joomla.org/extensions/extension/search-a-indexing/tags-a-clouds/cw-tags/</formalWay><description>Joomla!是美国Open Source Matters团队开发的一套开源的内容管理系统(CMS)，它提供RSS馈送、网站搜索等功能。&#xD;
&#xD;
Joomla! Component CW Tags 2.0.6版本存在SQL注入漏洞，攻击者可利用该漏洞危及应用程序，访问或修改数据，或利用底层数据库中潜在的漏洞。</description></vulnerability><vulnerability><number>CNVD-2018-03433</number><cves><cve><cveNumber>CVE-2018-7046</cveNumber></cve></cves><title>Kentico CMS任意代码执行漏洞</title><serverity>高</serverity><products><product>Kentico Kentico CMS &gt;=9，&lt;=11</product></products><isEvent>通用软硬件漏洞</isEvent><submitTime>2018-02-23</submitTime><openTime>2018-02-24</openTime><discovererName>Keerati T.</discovererName><referenceLink>http://seclists.org/bugtraq/2018/Feb/44</referenceLink><formalWay>目前厂商已经发布了升级补丁以修复此安全问题，详情请关注厂商主页：&#xD;
http://www.kentico.com</formalWay><description>Kentico CMS是一个企业级Web内容管理系统和客户体验管理系统。&#xD;
&#xD;
Kentico CMS 9至11版本存在任意代码执行漏洞，经身份验证的远程攻击者利用该漏洞编辑和更新ascx代码。</description><patchName>Kentico CMS任意代码执行漏洞的补丁</patchName><patchDescription>Kentico CMS是一个企业级Web内容管理系统和客户体验管理系统。&#xD;
&#xD;
Kentico CMS 9至11版本存在任意代码执行漏洞，经身份验证的远程攻击者利用该漏洞编辑和更新ascx代码。目前，供应商发布了安全公告及相关补丁信息，修复了此漏洞。</patchDescription></vulnerability><vulnerability><number>CNVD-2018-03434</number><cves><cve><cveNumber>CVE-2018-7205</cveNumber></cve></cves><title>Kentico CMS跨站脚本漏洞</title><serverity>低</serverity><products><product>Kentico Kentico CMS &gt;=9，&lt;=11</product></products><isEvent>通用软硬件漏洞</isEvent><submitTime>2018-02-23</submitTime><openTime>2018-02-24</openTime><discovererName>Keerati T.</discovererName><referenceLink>http://seclists.org/bugtraq/2018/Feb/46</referenceLink><formalWay>目前厂商已经发布了升级补丁以修复此安全问题，详情请关注厂商主页： &#xD;
http://www.kentico.com</formalWay><description>Kentico CMS是一个企业级Web内容管理系统和客户体验管理系统。 &#xD;
&#xD;
Kentico CMS 9至11版本存在跨站脚本漏洞，攻击者可利用该漏洞注入任意Web脚本或HTML。</description><patchName>Kentico CMS跨站脚本漏洞的补丁</patchName><patchDescription>Kentico CMS是一个企业级Web内容管理系统和客户体验管理系统。 &#xD;
&#xD;
Kentico CMS 9至11版本存在跨站脚本漏洞，攻击者可利用该漏洞注入任意Web脚本或HTML。目前，供应商发布了安全公告及相关补丁信息，修复了此漏洞。</patchDescription></vulnerability><vulnerability><number>CNVD-2018-03472</number><cves><cve><cveNumber>CVE-2018-1297</cveNumber></cve></cves><title>Apache JMeter远程命令执行漏洞</title><serverity>高</serverity><products><product>Apache JMeter 2.x</product><product>Apache JMeter 3.x</product></products><isEvent>通用软硬件漏洞</isEvent><submitTime>2018-02-24</submitTime><openTime>2018-02-24</openTime><discovererName>Philippe Mouawad</discovererName><referenceLink>https://cve.mitre.org/cgi-bin/cvename.cgi?name=CVE-2018-1297&#xD;
https://www.seebug.org/vuldb/ssvid-97137</referenceLink><formalWay>目前没有详细的解决方案提供：&#xD;
http://mail-archives.apache.org/mod_mbox/www-announce/201802.mbox/%3CCAH9fUpaNzk5am8oFe07RQ-kynCsQv54yB-uYs9bEnz7tbX-O7g@mail.gmail.com%3E</formalWay><description>Apache Jmeter是一款旨在为负载测试功能行为和测量性能的开源的Java应用程序。&#xD;
&#xD;
Apache JMeter在分布式模式下使用不安全的RMI连接存在远程命令执行漏洞，攻击者可利用漏洞执行任意命令。</description></vulnerability></vulnerabilitys>
